	Weight	Feature	Label
0	0.03116734333433157	PSPB_HUMAN	Respiratory
1	0.01922722330634017	GAPR1_HUMAN	Respiratory
2	0.018956762607282927	VCAM1_HUMAN	Respiratory
3	0.01721675282886623	FGL1_HUMAN	Respiratory
4	0.016992036543177286	HGFA_HUMAN	Respiratory
5	0.016712717555825134	APOA4_HUMAN	Respiratory
6	0.016135294077762423	SPA11_HUMAN	Respiratory
7	0.015947479027895634	SHBG_HUMAN	Respiratory
8	0.0147455559657208	ACTB_HUMAN	Respiratory
9	0.014595934680407907	AFAM_HUMAN	Respiratory
10	0.014360210866317972	ANGT_HUMAN	Respiratory
11	0.01415380741102218	CATB_HUMAN	Respiratory
12	0.013548032706385318	FETUB_HUMAN	Respiratory
13	0.013157846843094434	C1RL_HUMAN	Respiratory
14	0.012505505077116336	THRB_HUMAN	Respiratory
15	0.012453852160211047	KNG1_HUMAN	Respiratory
16	0.012061910705222719	AACT_HUMAN	Respiratory
17	0.012023331756445365	ATS13_HUMAN	Respiratory
18	0.01162789662129579	SEPP1_HUMAN	Respiratory
19	0.011319658409086072	VWF_HUMAN	Respiratory
20	0.011198574414279561	ALS_HUMAN	Respiratory
21	0.011178256240676893	NOE1_HUMAN	Respiratory
22	0.011160405238143436	ITA2B_HUMAN	Respiratory
23	0.011091986110107248	C1QC_HUMAN	Respiratory
24	0.010920533108422717	KAIN_HUMAN	Respiratory
25	0.010809293445213052	CLUS_HUMAN	Respiratory
26	0.01025971969910243	RNAS1_HUMAN	Respiratory
27	0.01011832518262976	CETP_HUMAN	Respiratory
28	0.010078913730525885	APOH_HUMAN	Respiratory
29	0.009776172459956772	IC1_HUMAN	Respiratory
30	0.00969833013886016	IBP3_HUMAN	Respiratory
31	0.009581087815298645	CHLE_HUMAN	Respiratory
32	0.009508674125148728	PHLD_HUMAN	Respiratory
33	0.009477146640592356	PGRP2_HUMAN	Respiratory
34	0.0094345916677226	PROC_HUMAN	Respiratory
35	0.009362924856536232	FIBG_HUMAN	Respiratory
36	0.00935956532520828	ICAM2_HUMAN	Respiratory
37	0.009330115266702795	PEDF_HUMAN	Respiratory
38	0.009231028631974605	NRP1_HUMAN	Respiratory
39	0.009190442699105728	GNPTG_HUMAN	Respiratory
40	0.009058366247118138	FHR2_HUMAN	Respiratory
41	0.008931760291709886	LAMP2_HUMAN	Respiratory
42	0.008705341717026166	CNDP1_HUMAN	Respiratory
43	0.008454163593102755	CBPB2_HUMAN	Respiratory
44	0.008159886150688803	APOM_HUMAN	Respiratory
45	0.007947303951457011	PLTP_HUMAN	Respiratory
46	0.007887613820590868	CERU_HUMAN	Respiratory
47	0.007884722683360717	CPN2_HUMAN	Respiratory
48	0.007847563679556083	COIA1_HUMAN	Respiratory
49	0.007614250709365323	LBP_HUMAN	Respiratory
50	0.007600177246384508	FHR1_HUMAN	Respiratory
51	0.007587810533551519	BTD_HUMAN	Respiratory
52	0.007584789541407727	IBP7_HUMAN	Respiratory
53	0.007259749900011947	H4_HUMAN	Respiratory
54	0.007218278115721002	APOB_HUMAN	Respiratory
55	0.007168083476642456	PON3_HUMAN	Respiratory
56	0.0071674888882265	FCN3_HUMAN	Respiratory
57	0.007080473782531539	B2MG_HUMAN	Respiratory
58	0.00701153754413654	CFAD_HUMAN	Respiratory
59	0.006859199880024548	IPSP_HUMAN	Respiratory
60	0.006683994520446879	ITIH4_HUMAN	Respiratory
61	0.00666202391734118	CBPN_HUMAN	Respiratory
62	0.006550622322322964	FETUA_HUMAN	Respiratory
63	0.006450947315315746	APOC1_HUMAN	Respiratory
64	0.006369934606562717	PLSL_HUMAN	Respiratory
65	0.006316408049168944	PTGDS_HUMAN	Respiratory
66	0.00617173324953047	TETN_HUMAN	Respiratory
67	0.00616680401152001	AMBP_HUMAN	Respiratory
68	0.0060844613646729466	PROF1_HUMAN	Respiratory
69	0.006071530896591059	CD14_HUMAN	Respiratory
70	0.005999974385025432	AMPN_HUMAN	Respiratory
71	0.005990464455400555	HEP2_HUMAN	Respiratory
72	0.005977897390921208	ZPI_HUMAN	Respiratory
73	0.005755777466627211	COL11_HUMAN	Respiratory
74	0.0056868538878421925	APOC4_HUMAN	Respiratory
75	0.005602426475721738	CALR_HUMAN	Respiratory
76	0.005469031687325008	SAA2_HUMAN	Respiratory
77	0.005464554773108655	TYB4_HUMAN	Respiratory
78	0.005435320919970012	PTPRG_HUMAN	Respiratory
79	0.00538757877152586	BGH3_HUMAN	Respiratory
80	0.005307745017930006	GELS_HUMAN	Respiratory
81	0.005197534568005585	ITIH3_HUMAN	Respiratory
82	0.005009032306453528	MASP2_HUMAN	Respiratory
83	0.004845775878467102	PRDX6_HUMAN	Respiratory
84	0.004776962305223062	PVR_HUMAN	Respiratory
85	0.004761415813285143	CAH2_HUMAN	Respiratory
86	0.004753793674601946	A1AG1_HUMAN	Respiratory
87	0.004725873250548355	LDHA_HUMAN	Respiratory
88	0.004693826211017937	ALDOA_HUMAN	Respiratory
89	0.004625162010691072	QSOX1_HUMAN	Respiratory
90	0.004518715681820623	ATRN_HUMAN	Respiratory
91	0.00447502539215852	PIGR_HUMAN	Respiratory
92	0.004304901289667775	ICAM1_HUMAN	Respiratory
93	0.004179145942277835	TTHY_HUMAN	Respiratory
94	0.004158294125421292	IBP2_HUMAN	Respiratory
95	0.004149998489947942	APOC2_HUMAN	Respiratory
96	0.004079674418979623	SAMP_HUMAN	Respiratory
97	0.004042468990399652	FHR4_HUMAN	Respiratory
98	0.0039373045956136166	CYTC_HUMAN	Respiratory
99	0.003925334020087152	ACTG_HUMAN	Respiratory
100	0.0038308227732496134	CD44_HUMAN	Respiratory
101	0.0037365003983843895	TRFE_HUMAN	Respiratory
102	0.0036724069737563945	A1AG2_HUMAN	Respiratory
103	0.0034858264299388528	ITIH2_HUMAN	Respiratory
104	0.0034595499813052377	PON1_HUMAN	Respiratory
105	0.003441668798737513	SAA4_HUMAN	Respiratory
106	0.0034130048087634072	APOF_HUMAN	Respiratory
107	0.003370743168328313	PPIA_HUMAN	Respiratory
108	0.003365866316158197	APOA2_HUMAN	Respiratory
109	0.003346590465360051	CO3_HUMAN	Respiratory
110	0.003251878524971136	PROP_HUMAN	Respiratory
111	0.00319993447500328	CRAC1_HUMAN	Respiratory
112	0.003151920365880761	CRP_HUMAN	Respiratory
113	0.0030868928861257404	TIMP1_HUMAN	Respiratory
114	0.003054817253405776	FBLN5_HUMAN	Respiratory
115	0.0029197570453768622	FCG3A_HUMAN	Respiratory
116	0.0028376787455222712	ECM1_HUMAN	Respiratory
117	0.0028224791544323607	CATD_HUMAN	Respiratory
118	0.0027846976422860555	LMAN2_HUMAN	Respiratory
119	0.0027241389139666095	1433Z_HUMAN	Respiratory
120	0.002675119665044678	CO7_HUMAN	Respiratory
121	0.0026442523579019717	ITIH1_HUMAN	Respiratory
122	0.0025891324793595153	SPP24_HUMAN	Respiratory
123	0.0025546172127524185	CAH1_HUMAN	Respiratory
124	0.0024441608656883542	SAA1_HUMAN	Respiratory
125	0.0023988136810391544	ENPL_HUMAN	Respiratory
126	0.002355321414850026	LG3BP_HUMAN	Respiratory
127	0.002315996987755108	CAMP_HUMAN	Respiratory
128	0.0020543606775024594	THBG_HUMAN	Respiratory
129	0.002013961191362687	A1AT_HUMAN	Respiratory
130	0.0018930863180312977	HRG_HUMAN	Respiratory
131	0.001892652991559229	CO2_HUMAN	Respiratory
132	0.0018282268806445296	FBLN1_HUMAN	Respiratory
133	0.0015954108877855393	PCSK9_HUMAN	Respiratory
134	0.0015826840136397714	FBLN3_HUMAN	Respiratory
135	0.001574659311395453	PZP_HUMAN	Respiratory
136	0.0015695447400390862	GSTO1_HUMAN	Respiratory
137	0.001376429893355491	FINC_HUMAN	Respiratory
138	0.0013750570320434092	APOA1_HUMAN	Respiratory
139	0.0013536710124198434	KLKB1_HUMAN	Respiratory
140	0.0013101646249803834	APOL1_HUMAN	Respiratory
141	0.0012794582613115957	CALM1_HUMAN	Respiratory
142	0.0012489779570937132	CADH1_HUMAN	Respiratory
143	0.0011844029649713743	MA1A1_HUMAN	Respiratory
144	0.0011365666681126543	FIBB_HUMAN	Respiratory
145	0.0011184113515027212	OAF_HUMAN	Respiratory
146	0.0010967768788871127	G3P_HUMAN	Respiratory
147	0.001088212552439154	C163A_HUMAN	Respiratory
148	0.0010871543775830062	LCAT_HUMAN	Respiratory
149	0.0010786332354312364	CFAB_HUMAN	Respiratory
150	0.001075248458844549	CO4B_HUMAN	Respiratory
151	0.0010162630457877632	PCYOX_HUMAN	Respiratory
152	0.0008686619993784355	LYSC_HUMAN	Respiratory
153	0.0008680958507103814	VASN_HUMAN	Respiratory
154	0.0008499087677333782	LDHB_HUMAN	Respiratory
155	0.0007371322378017742	CO6A1_HUMAN	Respiratory
156	0.0005826652091064335	HPT_HUMAN	Respiratory
157	0.00035889475257718174	ACTBL_HUMAN	Respiratory
158	0.000335944619473088	CO9_HUMAN	Respiratory
159	0.0003264684681659018	RNAS4_HUMAN	Respiratory
160	0.0002584195832021261	IBP6_HUMAN	Respiratory
161	0.0002548165265765167	FCGBP_HUMAN	Respiratory
162	0.00014852390555833954	A2GL_HUMAN	Respiratory
163	0.00014056105108803426	FIBA_HUMAN	Respiratory
164	3.517643439242059e-05	PLMN_HUMAN	Respiratory
165	0.030136533221871473	CYTC_HUMAN	Renal
166	0.029380990076732994	B2MG_HUMAN	Renal
167	0.01841467636223782	PHLD_HUMAN	Renal
168	0.017808602354211705	ACTBL_HUMAN	Renal
169	0.017761102773966097	A2GL_HUMAN	Renal
170	0.01733230341958212	VWF_HUMAN	Renal
171	0.016610606051759375	FCG3A_HUMAN	Renal
172	0.01560163544260243	PZP_HUMAN	Renal
173	0.01380883379324946	IBP6_HUMAN	Renal
174	0.013580882098454265	THRB_HUMAN	Renal
175	0.01350514743210739	LYSC_HUMAN	Renal
176	0.012660395090368117	CBPN_HUMAN	Renal
177	0.012558509639611838	TYB4_HUMAN	Renal
178	0.012385019377990464	CBPB2_HUMAN	Renal
179	0.012118638056448628	FBLN5_HUMAN	Renal
180	0.011518751656001656	CD14_HUMAN	Renal
181	0.011081338395998678	KNG1_HUMAN	Renal
182	0.010984444581404315	HEP2_HUMAN	Renal
183	0.01090493275046757	CLUS_HUMAN	Renal
184	0.010572422263914086	SEPP1_HUMAN	Renal
185	0.010482513061166016	SAA2_HUMAN	Renal
186	0.01035111880480613	FINC_HUMAN	Renal
187	0.0101893194503226	KAIN_HUMAN	Renal
188	0.01018668706347435	CD44_HUMAN	Renal
189	0.010015831631260286	ECM1_HUMAN	Renal
190	0.00990815688180994	MA1A1_HUMAN	Renal
191	0.009710260036257657	CADH1_HUMAN	Renal
192	0.009678622375136874	CFAD_HUMAN	Renal
193	0.009629051668859556	PSPB_HUMAN	Renal
194	0.009338029178047066	PEDF_HUMAN	Renal
195	0.009143998036146649	ACTB_HUMAN	Renal
196	0.009032652602607901	HGFA_HUMAN	Renal
197	0.008943714512992225	COL11_HUMAN	Renal
198	0.008868445894653243	LAMP2_HUMAN	Renal
199	0.00880316441579978	FBLN1_HUMAN	Renal
200	0.008597543290136834	FCN3_HUMAN	Renal
201	0.008552492894549617	CO9_HUMAN	Renal
202	0.008469178666974308	CFAB_HUMAN	Renal
203	0.008441973737056086	FHR2_HUMAN	Renal
204	0.008429856332600695	PCSK9_HUMAN	Renal
205	0.008301162465379095	C1RL_HUMAN	Renal
206	0.008177985266624508	AFAM_HUMAN	Renal
207	0.008043981558348092	PTPRG_HUMAN	Renal
208	0.008040584699422901	RNAS4_HUMAN	Renal
209	0.007981793448939695	ITIH4_HUMAN	Renal
210	0.007961351248778966	BTD_HUMAN	Renal
211	0.007826849760206573	CO3_HUMAN	Renal
212	0.0077945385644191305	FETUB_HUMAN	Renal
213	0.007585925030412613	PROP_HUMAN	Renal
214	0.0074088338078022835	AACT_HUMAN	Renal
215	0.007382503773996776	FHR1_HUMAN	Renal
216	0.007354577060607958	CRP_HUMAN	Renal
217	0.007328386032681292	PROC_HUMAN	Renal
218	0.007265871004781077	CO7_HUMAN	Renal
219	0.007264127090562837	IC1_HUMAN	Renal
220	0.007256724217430866	HPT_HUMAN	Renal
221	0.007195567692404566	IBP3_HUMAN	Renal
222	0.007024090969391412	PTGDS_HUMAN	Renal
223	0.00674719599025317	PRDX6_HUMAN	Renal
224	0.0067425260444206325	FIBG_HUMAN	Renal
225	0.006711190643322044	APOA1_HUMAN	Renal
226	0.006690785210136498	APOC4_HUMAN	Renal
227	0.006648275453765984	LMAN2_HUMAN	Renal
228	0.0066174176431091445	C1QC_HUMAN	Renal
229	0.006615699307020001	SAA1_HUMAN	Renal
230	0.006401371748814093	THBG_HUMAN	Renal
231	0.0063822073912547005	PGRP2_HUMAN	Renal
232	0.006365878946595438	PCYOX_HUMAN	Renal
233	0.0063179069180726785	APOA4_HUMAN	Renal
234	0.006189676996513582	CATB_HUMAN	Renal
235	0.006135204359197926	APOC1_HUMAN	Renal
236	0.006056562652525128	VASN_HUMAN	Renal
237	0.006033208924357031	FBLN3_HUMAN	Renal
238	0.006029162508364348	TRFE_HUMAN	Renal
239	0.006012482620739065	FETUA_HUMAN	Renal
240	0.005994112998996488	TTHY_HUMAN	Renal
241	0.005827337427059775	CNDP1_HUMAN	Renal
242	0.005636441919284054	ATS13_HUMAN	Renal
243	0.00558968850544653	PLMN_HUMAN	Renal
244	0.005584979141251882	CO4B_HUMAN	Renal
245	0.005490460021173187	TETN_HUMAN	Renal
246	0.005396265029074758	NRP1_HUMAN	Renal
247	0.005330738725296352	LG3BP_HUMAN	Renal
248	0.005257050354721612	PIGR_HUMAN	Renal
249	0.005095840957363327	TIMP1_HUMAN	Renal
250	0.0049517123304320745	SHBG_HUMAN	Renal
251	0.00493421866743734	VCAM1_HUMAN	Renal
252	0.0049333585838867156	1433Z_HUMAN	Renal
253	0.00490150901702062	ANGT_HUMAN	Renal
254	0.00486984461981474	GAPR1_HUMAN	Renal
255	0.004823638407461849	MASP2_HUMAN	Renal
256	0.004788450485925315	ITIH2_HUMAN	Renal
257	0.004767764850835343	AMBP_HUMAN	Renal
258	0.004638860547152254	CO2_HUMAN	Renal
259	0.004536229144589973	QSOX1_HUMAN	Renal
260	0.004524192797536605	GSTO1_HUMAN	Renal
261	0.004361406533663395	PPIA_HUMAN	Renal
262	0.004359554781145636	NOE1_HUMAN	Renal
263	0.004290497130996176	PROF1_HUMAN	Renal
264	0.004269010849523745	SPP24_HUMAN	Renal
265	0.0041911753910690705	FCGBP_HUMAN	Renal
266	0.004154990256195977	CHLE_HUMAN	Renal
267	0.004067971714531573	SAMP_HUMAN	Renal
268	0.003985219276159727	ITIH1_HUMAN	Renal
269	0.0038845289349287992	APOM_HUMAN	Renal
270	0.003805585584882888	H4_HUMAN	Renal
271	0.0036614662666007757	PVR_HUMAN	Renal
272	0.0035768635182880665	A1AT_HUMAN	Renal
273	0.0035699107170872463	RNAS1_HUMAN	Renal
274	0.0034665733463652587	CATD_HUMAN	Renal
275	0.0034245178722960654	A1AG1_HUMAN	Renal
276	0.003364903669415566	PLTP_HUMAN	Renal
277	0.0033515961918827984	CAH2_HUMAN	Renal
278	0.0033277573330620564	CO6A1_HUMAN	Renal
279	0.0032604769472309595	ZPI_HUMAN	Renal
280	0.0032274510483189314	APOL1_HUMAN	Renal
281	0.0032214231633877146	FIBB_HUMAN	Renal
282	0.0029813444882118246	ITA2B_HUMAN	Renal
283	0.002906047613762826	FHR4_HUMAN	Renal
284	0.0029023981666697805	CPN2_HUMAN	Renal
285	0.0027449163111507914	APOB_HUMAN	Renal
286	0.002628601043801013	KLKB1_HUMAN	Renal
287	0.0026186434024553814	FGL1_HUMAN	Renal
288	0.002595572592952769	FIBA_HUMAN	Renal
289	0.0025658012449774207	LDHA_HUMAN	Renal
290	0.0025331406135907925	LDHB_HUMAN	Renal
291	0.00245475474701193	CERU_HUMAN	Renal
292	0.0023688643085086	A1AG2_HUMAN	Renal
293	0.002335311418192258	CALM1_HUMAN	Renal
294	0.002293909787858985	LCAT_HUMAN	Renal
295	0.0021610552665669116	APOH_HUMAN	Renal
296	0.002078597051429203	GNPTG_HUMAN	Renal
297	0.002014210003655717	HRG_HUMAN	Renal
298	0.001990976231830456	IPSP_HUMAN	Renal
299	0.0019817259995917953	IBP7_HUMAN	Renal
300	0.0019519836517774812	ICAM1_HUMAN	Renal
301	0.0018414219206802252	LBP_HUMAN	Renal
302	0.0017078956020509866	CAH1_HUMAN	Renal
303	0.0017066153003452498	PON1_HUMAN	Renal
304	0.0016654574916522148	ACTG_HUMAN	Renal
305	0.001646563076298243	CETP_HUMAN	Renal
306	0.0016234366536275403	CRAC1_HUMAN	Renal
307	0.0012641048067756583	ALDOA_HUMAN	Renal
308	0.00113728162314898	IBP2_HUMAN	Renal
309	0.0011273251540834428	BGH3_HUMAN	Renal
310	0.0011056283819276596	ENPL_HUMAN	Renal
311	0.001065546681279842	CAMP_HUMAN	Renal
312	0.001019859971718941	CALR_HUMAN	Renal
313	0.0009731339638495013	ALS_HUMAN	Renal
314	0.0009057726264211878	COIA1_HUMAN	Renal
315	0.0008057711758652456	ICAM2_HUMAN	Renal
316	0.0006803289414894226	PLSL_HUMAN	Renal
317	0.0006575759213900644	ATRN_HUMAN	Renal
318	0.0006411985048591273	SPA11_HUMAN	Renal
319	0.000638766541508211	APOC2_HUMAN	Renal
320	0.0006083685630357842	GELS_HUMAN	Renal
321	0.0004864339107340472	OAF_HUMAN	Renal
322	0.0004513883789059275	C163A_HUMAN	Renal
323	0.0004199760425721784	APOF_HUMAN	Renal
324	0.00039476743123765515	PON3_HUMAN	Renal
325	0.0003063684801343352	APOA2_HUMAN	Renal
326	0.0003021834913593169	AMPN_HUMAN	Renal
327	0.00023013516249657714	SAA4_HUMAN	Renal
328	0.00022919749358786076	ITIH3_HUMAN	Renal
329	0.00016408527988496813	G3P_HUMAN	Renal
330	0.024554907172199564	MA1A1_HUMAN	Liver
331	0.020379639004162328	AMPN_HUMAN	Liver
332	0.019505476016437838	B2MG_HUMAN	Liver
333	0.01810841033444626	NRP1_HUMAN	Liver
334	0.01802559796601606	CATB_HUMAN	Liver
335	0.016965345052611255	APOH_HUMAN	Liver
336	0.016424184448948456	SPP24_HUMAN	Liver
337	0.01575344486107949	CBPN_HUMAN	Liver
338	0.01566341788975156	TRFE_HUMAN	Liver
339	0.015337216389075753	CAMP_HUMAN	Liver
340	0.015115317928480455	VWF_HUMAN	Liver
341	0.014612331868038193	C1RL_HUMAN	Liver
342	0.014461943999143535	CHLE_HUMAN	Liver
343	0.014195596947444973	ACTG_HUMAN	Liver
344	0.014188422931230552	G3P_HUMAN	Liver
345	0.01411379351744741	APOC1_HUMAN	Liver
346	0.014034708156332452	SEPP1_HUMAN	Liver
347	0.013577448157897633	CPN2_HUMAN	Liver
348	0.013091515292278333	FHR2_HUMAN	Liver
349	0.013056744030946112	ITIH1_HUMAN	Liver
350	0.01238540231698818	APOB_HUMAN	Liver
351	0.012208596484277079	ANGT_HUMAN	Liver
352	0.0119773162719313	PON3_HUMAN	Liver
353	0.011832833741797026	A2GL_HUMAN	Liver
354	0.0117554751093642	LDHA_HUMAN	Liver
355	0.011674479863005337	ENPL_HUMAN	Liver
356	0.01160062810281103	HPT_HUMAN	Liver
357	0.011258370608288137	C1QC_HUMAN	Liver
358	0.010947058639815488	CD14_HUMAN	Liver
359	0.010782529985025345	APOA4_HUMAN	Liver
360	0.010694351742441688	GAPR1_HUMAN	Liver
361	0.0100163679343653	PTGDS_HUMAN	Liver
362	0.010005199135674688	PLSL_HUMAN	Liver
363	0.009873150391466436	APOA1_HUMAN	Liver
364	0.009495927385034854	HRG_HUMAN	Liver
365	0.00942580581673608	LAMP2_HUMAN	Liver
366	0.009371151252864463	FETUA_HUMAN	Liver
367	0.009309924780673436	CBPB2_HUMAN	Liver
368	0.009236243634416693	CADH1_HUMAN	Liver
369	0.00896338216724446	APOA2_HUMAN	Liver
370	0.008893233390622406	LMAN2_HUMAN	Liver
371	0.00885456684131066	VASN_HUMAN	Liver
372	0.008355965872359976	FINC_HUMAN	Liver
373	0.00829976309244861	CRP_HUMAN	Liver
374	0.00829833171460296	FETUB_HUMAN	Liver
375	0.008231947226527331	ICAM2_HUMAN	Liver
376	0.008224181733498242	PROC_HUMAN	Liver
377	0.007958036620522906	CAH2_HUMAN	Liver
378	0.007853464059592046	A1AG1_HUMAN	Liver
379	0.007811356968400297	PON1_HUMAN	Liver
380	0.007772049585458712	CO2_HUMAN	Liver
381	0.007632104549904095	CO3_HUMAN	Liver
382	0.007517017744342499	ALS_HUMAN	Liver
383	0.0074893671083532416	CERU_HUMAN	Liver
384	0.0072906192818461895	PCSK9_HUMAN	Liver
385	0.007193330811423836	AFAM_HUMAN	Liver
386	0.007173254928334128	GSTO1_HUMAN	Liver
387	0.007155473218065427	FGL1_HUMAN	Liver
388	0.007061882216081105	PLMN_HUMAN	Liver
389	0.00700837487613976	IBP7_HUMAN	Liver
390	0.006781081590993158	CALR_HUMAN	Liver
391	0.006619873909436266	COIA1_HUMAN	Liver
392	0.006486166876494652	1433Z_HUMAN	Liver
393	0.006339744445132926	CRAC1_HUMAN	Liver
394	0.006314861075954996	CO4B_HUMAN	Liver
395	0.00629448662434376	ACTBL_HUMAN	Liver
396	0.00626563325857981	IBP2_HUMAN	Liver
397	0.0062542679886692975	KLKB1_HUMAN	Liver
398	0.006153317921505984	SAA2_HUMAN	Liver
399	0.005955841851664623	BTD_HUMAN	Liver
400	0.005832927944045675	ITIH2_HUMAN	Liver
401	0.0057731240400910305	CNDP1_HUMAN	Liver
402	0.00573010278099296	AMBP_HUMAN	Liver
403	0.005681166244539852	THRB_HUMAN	Liver
404	0.005644249078148902	CO7_HUMAN	Liver
405	0.005580266698318008	PROP_HUMAN	Liver
406	0.005512933881252319	CFAB_HUMAN	Liver
407	0.005485706782447825	TIMP1_HUMAN	Liver
408	0.005409974295885045	PHLD_HUMAN	Liver
409	0.0054019226152537715	LCAT_HUMAN	Liver
410	0.00513602597928396	SHBG_HUMAN	Liver
411	0.005047681804458913	H4_HUMAN	Liver
412	0.005003057989933938	CFAD_HUMAN	Liver
413	0.004957769446820537	IBP3_HUMAN	Liver
414	0.004866421472464466	FHR1_HUMAN	Liver
415	0.004824149972787173	SAA4_HUMAN	Liver
416	0.004689307709565949	LBP_HUMAN	Liver
417	0.0046518994379499135	TETN_HUMAN	Liver
418	0.00464551780929999	ATS13_HUMAN	Liver
419	0.00462698586482126	FBLN1_HUMAN	Liver
420	0.004537544830782134	FCGBP_HUMAN	Liver
421	0.004464173917205312	LYSC_HUMAN	Liver
422	0.004376384122390544	IC1_HUMAN	Liver
423	0.004266407708037372	AACT_HUMAN	Liver
424	0.004262713731129677	PCYOX_HUMAN	Liver
425	0.004176993311784385	IPSP_HUMAN	Liver
426	0.003987497162727044	TTHY_HUMAN	Liver
427	0.0038754769721291373	RNAS4_HUMAN	Liver
428	0.0038061886688801365	RNAS1_HUMAN	Liver
429	0.003787439208672877	MASP2_HUMAN	Liver
430	0.0036054291122716805	GELS_HUMAN	Liver
431	0.00345463262905447	APOC4_HUMAN	Liver
432	0.0033616898248768332	TYB4_HUMAN	Liver
433	0.003328654896334614	VCAM1_HUMAN	Liver
434	0.0033247161472336135	HEP2_HUMAN	Liver
435	0.0032606910429117918	LDHB_HUMAN	Liver
436	0.003111759302111937	CATD_HUMAN	Liver
437	0.0031078459948649384	PTPRG_HUMAN	Liver
438	0.003098575790871241	CLUS_HUMAN	Liver
439	0.0030659660038310278	ICAM1_HUMAN	Liver
440	0.0028638184510112567	IBP6_HUMAN	Liver
441	0.0028058817177046796	A1AT_HUMAN	Liver
442	0.002647990453533521	QSOX1_HUMAN	Liver
443	0.0024649890116071223	ITA2B_HUMAN	Liver
444	0.0024010369126396297	CO9_HUMAN	Liver
445	0.0023413458510887952	FIBB_HUMAN	Liver
446	0.002213583106310169	PROF1_HUMAN	Liver
447	0.002153306406513111	APOC2_HUMAN	Liver
448	0.0020960475376815835	LG3BP_HUMAN	Liver
449	0.002071653333043123	KNG1_HUMAN	Liver
450	0.0020671941412975675	CAH1_HUMAN	Liver
451	0.0020323552414255996	FCN3_HUMAN	Liver
452	0.0019931392917886845	ITIH4_HUMAN	Liver
453	0.001936563682190707	APOF_HUMAN	Liver
454	0.0017599013241128634	KAIN_HUMAN	Liver
455	0.0017560555216777393	FBLN3_HUMAN	Liver
456	0.0017548363645937444	PGRP2_HUMAN	Liver
457	0.0015919344903303513	PEDF_HUMAN	Liver
458	0.0015682842843965125	APOM_HUMAN	Liver
459	0.0015594154400031357	PLTP_HUMAN	Liver
460	0.0014373151767663704	NOE1_HUMAN	Liver
461	0.0014265568351998798	PVR_HUMAN	Liver
462	0.0013970095587161884	FIBA_HUMAN	Liver
463	0.001381911790636892	CYTC_HUMAN	Liver
464	0.0013132978454947338	SAA1_HUMAN	Liver
465	0.0013111179895401762	FHR4_HUMAN	Liver
466	0.0013052906512388532	PZP_HUMAN	Liver
467	0.0012922035242321315	ZPI_HUMAN	Liver
468	0.0012715315022549915	COL11_HUMAN	Liver
469	0.0011323741004759986	BGH3_HUMAN	Liver
470	0.0010425104516903303	HGFA_HUMAN	Liver
471	0.0010305338330623764	ATRN_HUMAN	Liver
472	0.0010031139806470132	FIBG_HUMAN	Liver
473	0.0009720720193503594	PSPB_HUMAN	Liver
474	0.0009557286491609224	ECM1_HUMAN	Liver
475	0.000907165281715645	SAMP_HUMAN	Liver
476	0.0007891446472181183	PRDX6_HUMAN	Liver
477	0.0007828647339061266	ACTB_HUMAN	Liver
478	0.0007660663081241226	GNPTG_HUMAN	Liver
479	0.0007547786052776738	PIGR_HUMAN	Liver
480	0.0005811368029052033	C163A_HUMAN	Liver
481	0.000533185578865025	ALDOA_HUMAN	Liver
482	0.000440852114209013	FCG3A_HUMAN	Liver
483	0.0004218756954104292	THBG_HUMAN	Liver
484	0.0003123689767035121	CETP_HUMAN	Liver
485	0.00024663920176371657	FBLN5_HUMAN	Liver
486	0.00021789296077302824	OAF_HUMAN	Liver
487	0.0001771086064902459	A1AG2_HUMAN	Liver
488	0.00014035441152384411	ITIH3_HUMAN	Liver
489	9.776522778009273e-05	APOL1_HUMAN	Liver
490	6.748215618736735e-05	CO6A1_HUMAN	Liver
491	6.000770628456231e-05	PPIA_HUMAN	Liver
492	3.6114079698221086e-05	CALM1_HUMAN	Liver
493	2.8492768886733465e-05	SPA11_HUMAN	Liver
494	5.576727598634119e-06	CD44_HUMAN	Liver
495	0.02067023346323331	VCAM1_HUMAN	Coagulation
496	0.018446412333183837	SAA1_HUMAN	Coagulation
497	0.01825225132788465	PROF1_HUMAN	Coagulation
498	0.017945303147888225	CBPB2_HUMAN	Coagulation
499	0.016089000149789257	ENPL_HUMAN	Coagulation
500	0.015583862698050144	CNDP1_HUMAN	Coagulation
501	0.01525550690605117	APOC4_HUMAN	Coagulation
502	0.014812346784310766	C163A_HUMAN	Coagulation
503	0.014274709747545335	PROC_HUMAN	Coagulation
504	0.013822103029602803	VASN_HUMAN	Coagulation
505	0.013017855101665867	FBLN1_HUMAN	Coagulation
506	0.012797727889744844	LDHB_HUMAN	Coagulation
507	0.012555615849117524	CO2_HUMAN	Coagulation
508	0.012455932937870094	APOA4_HUMAN	Coagulation
509	0.01233121375661404	APOM_HUMAN	Coagulation
510	0.012119376506497644	APOF_HUMAN	Coagulation
511	0.012006912321623407	CO6A1_HUMAN	Coagulation
512	0.011911918597043445	TTHY_HUMAN	Coagulation
513	0.011601531760139902	LMAN2_HUMAN	Coagulation
514	0.011489189936662978	BGH3_HUMAN	Coagulation
515	0.01112750371696623	PTGDS_HUMAN	Coagulation
516	0.011088995475341807	KLKB1_HUMAN	Coagulation
517	0.010809461316019302	CO9_HUMAN	Coagulation
518	0.010725422996863902	LYSC_HUMAN	Coagulation
519	0.010723521932758606	MA1A1_HUMAN	Coagulation
520	0.010715428466391771	PIGR_HUMAN	Coagulation
521	0.010602125353528617	OAF_HUMAN	Coagulation
522	0.01059154554703987	AFAM_HUMAN	Coagulation
523	0.010460401467173027	RNAS4_HUMAN	Coagulation
524	0.010294690169692047	LAMP2_HUMAN	Coagulation
525	0.010216748188352658	CD44_HUMAN	Coagulation
526	0.009955118184312725	FBLN3_HUMAN	Coagulation
527	0.00980881192593827	ITA2B_HUMAN	Coagulation
528	0.009691741818883975	RNAS1_HUMAN	Coagulation
529	0.00945655441139001	FETUB_HUMAN	Coagulation
530	0.009381784513050698	TETN_HUMAN	Coagulation
531	0.009375613264365859	QSOX1_HUMAN	Coagulation
532	0.009294186327440857	PVR_HUMAN	Coagulation
533	0.009250507332549786	KNG1_HUMAN	Coagulation
534	0.009086815799066384	PCYOX_HUMAN	Coagulation
535	0.009054460720447709	AMBP_HUMAN	Coagulation
536	0.009043368548208334	CRAC1_HUMAN	Coagulation
537	0.008990034297686208	LCAT_HUMAN	Coagulation
538	0.008929122667933595	AACT_HUMAN	Coagulation
539	0.008865732861789516	FHR4_HUMAN	Coagulation
540	0.008852327067871443	CBPN_HUMAN	Coagulation
541	0.008819494159435696	CFAD_HUMAN	Coagulation
542	0.008603942808175623	A1AG1_HUMAN	Coagulation
543	0.008256413599032826	CD14_HUMAN	Coagulation
544	0.008187368484072644	APOH_HUMAN	Coagulation
545	0.00817419123627429	VWF_HUMAN	Coagulation
546	0.008126240855168484	SPA11_HUMAN	Coagulation
547	0.008096537624236946	THRB_HUMAN	Coagulation
548	0.008033613317115388	A1AT_HUMAN	Coagulation
549	0.007962622342596787	GNPTG_HUMAN	Coagulation
550	0.007937917845383452	SAA2_HUMAN	Coagulation
551	0.007864794186397666	FINC_HUMAN	Coagulation
552	0.0078470999504826	ACTG_HUMAN	Coagulation
553	0.007845628050956305	IBP2_HUMAN	Coagulation
554	0.007325211162495686	ECM1_HUMAN	Coagulation
555	0.007237085101077433	MASP2_HUMAN	Coagulation
556	0.0072263111615154165	ANGT_HUMAN	Coagulation
557	0.0071119199438803744	PGRP2_HUMAN	Coagulation
558	0.007070430175453536	CO3_HUMAN	Coagulation
559	0.007027342156109701	HEP2_HUMAN	Coagulation
560	0.006965822363745717	BTD_HUMAN	Coagulation
561	0.0068565216413168815	H4_HUMAN	Coagulation
562	0.006794554170429873	ITIH3_HUMAN	Coagulation
563	0.006718652063482224	PTPRG_HUMAN	Coagulation
564	0.006657751610144977	ZPI_HUMAN	Coagulation
565	0.006643033664467016	CALM1_HUMAN	Coagulation
566	0.006574763626616355	C1QC_HUMAN	Coagulation
567	0.00640822790870077	A1AG2_HUMAN	Coagulation
568	0.006374109924362527	PSPB_HUMAN	Coagulation
569	0.00636317531362083	FHR1_HUMAN	Coagulation
570	0.006322381444981327	ACTB_HUMAN	Coagulation
571	0.006267724700196528	PPIA_HUMAN	Coagulation
572	0.006130446606143506	IBP3_HUMAN	Coagulation
573	0.005898548000123818	PON1_HUMAN	Coagulation
574	0.005811229932898592	PCSK9_HUMAN	Coagulation
575	0.005684432011401912	ALDOA_HUMAN	Coagulation
576	0.005666743593697301	FGL1_HUMAN	Coagulation
577	0.005641275130529084	ATS13_HUMAN	Coagulation
578	0.005548193415268729	CAH2_HUMAN	Coagulation
579	0.0054738351115722434	CERU_HUMAN	Coagulation
580	0.005312627222245643	CPN2_HUMAN	Coagulation
581	0.0052970850247695146	A2GL_HUMAN	Coagulation
582	0.0051625502530385	FHR2_HUMAN	Coagulation
583	0.0050820291011989096	B2MG_HUMAN	Coagulation
584	0.005070528884394278	IPSP_HUMAN	Coagulation
585	0.004837520474217341	IBP6_HUMAN	Coagulation
586	0.00478290560183455	FIBA_HUMAN	Coagulation
587	0.004752349065769475	ICAM2_HUMAN	Coagulation
588	0.004683581768044447	FIBB_HUMAN	Coagulation
589	0.0046772839054758444	CRP_HUMAN	Coagulation
590	0.004593819234987084	ALS_HUMAN	Coagulation
591	0.004548276662656472	CHLE_HUMAN	Coagulation
592	0.004473022573440804	APOL1_HUMAN	Coagulation
593	0.0041957914125725195	PLMN_HUMAN	Coagulation
594	0.0039643804130817745	PON3_HUMAN	Coagulation
595	0.003932595911009569	CLUS_HUMAN	Coagulation
596	0.0038953880067183464	FIBG_HUMAN	Coagulation
597	0.00382110856530399	LDHA_HUMAN	Coagulation
598	0.0037722401175304403	SAA4_HUMAN	Coagulation
599	0.00366231638108171	ITIH1_HUMAN	Coagulation
600	0.003610327806314954	TYB4_HUMAN	Coagulation
601	0.003405266018393795	ITIH4_HUMAN	Coagulation
602	0.0033652948954111077	TRFE_HUMAN	Coagulation
603	0.0033618223531477233	PHLD_HUMAN	Coagulation
604	0.003287298835737757	LG3BP_HUMAN	Coagulation
605	0.0032047930792968356	CO7_HUMAN	Coagulation
606	0.0031388232980586175	PZP_HUMAN	Coagulation
607	0.0030553010611518733	CYTC_HUMAN	Coagulation
608	0.003044850883983091	CFAB_HUMAN	Coagulation
609	0.0030441886466472555	C1RL_HUMAN	Coagulation
610	0.0028442017968573563	HRG_HUMAN	Coagulation
611	0.0028362680306996783	CATD_HUMAN	Coagulation
612	0.0028002736521793004	CAMP_HUMAN	Coagulation
613	0.002794699439789027	ITIH2_HUMAN	Coagulation
614	0.002740624073197425	SEPP1_HUMAN	Coagulation
615	0.0027006688559907868	AMPN_HUMAN	Coagulation
616	0.002617148697044639	HGFA_HUMAN	Coagulation
617	0.002286710481735752	LBP_HUMAN	Coagulation
618	0.002248708248870318	CATB_HUMAN	Coagulation
619	0.0021254596697567515	CETP_HUMAN	Coagulation
620	0.0019771616303023857	NOE1_HUMAN	Coagulation
621	0.0019323480415624453	ACTBL_HUMAN	Coagulation
622	0.001874738073868462	CADH1_HUMAN	Coagulation
623	0.001844451103925426	PRDX6_HUMAN	Coagulation
624	0.0018204475440710237	COL11_HUMAN	Coagulation
625	0.0017777400228882125	FETUA_HUMAN	Coagulation
626	0.001680379392037182	PROP_HUMAN	Coagulation
627	0.0014371444429411497	GELS_HUMAN	Coagulation
628	0.001363327468504404	GAPR1_HUMAN	Coagulation
629	0.0013549869060525896	IC1_HUMAN	Coagulation
630	0.001311990852687103	PLTP_HUMAN	Coagulation
631	0.0010896255397831046	HPT_HUMAN	Coagulation
632	0.0010370412852449336	SHBG_HUMAN	Coagulation
633	0.0010342747511435774	FCN3_HUMAN	Coagulation
634	0.000959388121787118	KAIN_HUMAN	Coagulation
635	0.0009215225717383927	PEDF_HUMAN	Coagulation
636	0.0009009960216250764	APOA1_HUMAN	Coagulation
637	0.0008564634811414235	FCGBP_HUMAN	Coagulation
638	0.0008560734361569137	APOB_HUMAN	Coagulation
639	0.0008553011135363783	IBP7_HUMAN	Coagulation
640	0.0007943500681681345	APOA2_HUMAN	Coagulation
641	0.0007317046221987355	THBG_HUMAN	Coagulation
642	0.0006707824548067168	CO4B_HUMAN	Coagulation
643	0.0005965024413685068	FBLN5_HUMAN	Coagulation
644	0.0005139968474851213	CALR_HUMAN	Coagulation
645	0.0004856563914052796	ATRN_HUMAN	Coagulation
646	0.000398413702931109	G3P_HUMAN	Coagulation
647	0.00038520072389855084	TIMP1_HUMAN	Coagulation
648	0.0003623837895698707	CAH1_HUMAN	Coagulation
649	0.00030990340055317384	COIA1_HUMAN	Coagulation
650	0.00030463215006516645	APOC2_HUMAN	Coagulation
651	0.0003031832770039088	SAMP_HUMAN	Coagulation
652	0.00023212359903046362	FCG3A_HUMAN	Coagulation
653	0.0002198902684287327	PLSL_HUMAN	Coagulation
654	0.00018088595772754672	SPP24_HUMAN	Coagulation
655	0.00015276594396070113	NRP1_HUMAN	Coagulation
656	2.9647275284357266e-05	APOC1_HUMAN	Coagulation
657	1.2754805253475904e-05	1433Z_HUMAN	Coagulation
658	9.38259662792151e-06	GSTO1_HUMAN	Coagulation
659	3.692470456526678e-06	ICAM1_HUMAN	Coagulation
660	0.028888442035538742	CLUS_HUMAN	CNS
661	0.019722540730959772	GELS_HUMAN	CNS
662	0.01766100858275832	ANGT_HUMAN	CNS
663	0.016139429697699464	PEDF_HUMAN	CNS
664	0.014836654307673334	PIGR_HUMAN	CNS
665	0.014766323638616631	LYSC_HUMAN	CNS
666	0.013918762360097175	APOA4_HUMAN	CNS
667	0.013448799280334479	TETN_HUMAN	CNS
668	0.013232987427981305	ITIH1_HUMAN	CNS
669	0.013040948110911787	FBLN3_HUMAN	CNS
670	0.012842394594959774	MASP2_HUMAN	CNS
671	0.012526534225543994	C1RL_HUMAN	CNS
672	0.012478507929734152	CBPB2_HUMAN	CNS
673	0.01241696687109093	CBPN_HUMAN	CNS
674	0.011862421225051992	ACTG_HUMAN	CNS
675	0.011710566354985717	CAH2_HUMAN	CNS
676	0.011628214554178486	ALS_HUMAN	CNS
677	0.011431826949761631	FIBG_HUMAN	CNS
678	0.010913426631237021	PLSL_HUMAN	CNS
679	0.010796880765568883	PROP_HUMAN	CNS
680	0.010703940822226334	PLMN_HUMAN	CNS
681	0.010501801360949657	APOB_HUMAN	CNS
682	0.010383491343855975	PON1_HUMAN	CNS
683	0.010193301212791994	B2MG_HUMAN	CNS
684	0.009948597399556329	PTPRG_HUMAN	CNS
685	0.009809716696595697	OAF_HUMAN	CNS
686	0.00972256431271781	FBLN1_HUMAN	CNS
687	0.00959155653849117	CD14_HUMAN	CNS
688	0.009354396355386697	ICAM1_HUMAN	CNS
689	0.009239284767522754	APOA2_HUMAN	CNS
690	0.009203751382756654	FETUA_HUMAN	CNS
691	0.00917805381793961	CERU_HUMAN	CNS
692	0.008933423556961431	BGH3_HUMAN	CNS
693	0.008918235854097602	PTGDS_HUMAN	CNS
694	0.008703864178309826	CFAD_HUMAN	CNS
695	0.008476669423396962	PSPB_HUMAN	CNS
696	0.008454257722869908	FINC_HUMAN	CNS
697	0.008451026278466126	VWF_HUMAN	CNS
698	0.008377732704235202	PHLD_HUMAN	CNS
699	0.008232847397033616	PON3_HUMAN	CNS
700	0.008208506807190886	C1QC_HUMAN	CNS
701	0.008184571853862965	CYTC_HUMAN	CNS
702	0.008097788182232673	PPIA_HUMAN	CNS
703	0.008094807411134827	G3P_HUMAN	CNS
704	0.007949276801846138	CALR_HUMAN	CNS
705	0.007866175738624765	ITIH4_HUMAN	CNS
706	0.007845167193950911	ALDOA_HUMAN	CNS
707	0.007840840176289257	IBP7_HUMAN	CNS
708	0.007789576546221462	NOE1_HUMAN	CNS
709	0.0077565475808292865	HPT_HUMAN	CNS
710	0.007718832929784121	SAMP_HUMAN	CNS
711	0.00764547348565557	PROF1_HUMAN	CNS
712	0.007391283428966926	THBG_HUMAN	CNS
713	0.007264978566960302	SPP24_HUMAN	CNS
714	0.007254640549111937	LBP_HUMAN	CNS
715	0.007249251163249361	CO2_HUMAN	CNS
716	0.007231765744099995	SAA2_HUMAN	CNS
717	0.007216712747742616	KAIN_HUMAN	CNS
718	0.007202086022785507	A1AG2_HUMAN	CNS
719	0.007199924004345972	GNPTG_HUMAN	CNS
720	0.00703314384190676	CO6A1_HUMAN	CNS
721	0.00691912815436103	TIMP1_HUMAN	CNS
722	0.006893082989397907	CO9_HUMAN	CNS
723	0.006869200301736195	ECM1_HUMAN	CNS
724	0.006855668934664815	FHR1_HUMAN	CNS
725	0.006808366117969534	HRG_HUMAN	CNS
726	0.006773454669447863	SEPP1_HUMAN	CNS
727	0.006733620453393195	AFAM_HUMAN	CNS
728	0.0066796617387815515	GAPR1_HUMAN	CNS
729	0.006655171648468448	IPSP_HUMAN	CNS
730	0.006649512430367263	CETP_HUMAN	CNS
731	0.006569811953930436	PRDX6_HUMAN	CNS
732	0.006468603677350252	TYB4_HUMAN	CNS
733	0.0061049342056679595	FBLN5_HUMAN	CNS
734	0.00604706506825843	SAA1_HUMAN	CNS
735	0.006036142394203113	CPN2_HUMAN	CNS
736	0.005965771260819277	COIA1_HUMAN	CNS
737	0.005788952018100943	ATRN_HUMAN	CNS
738	0.005737696290283437	LDHB_HUMAN	CNS
739	0.005699987814739372	AMBP_HUMAN	CNS
740	0.00554034244713031	HEP2_HUMAN	CNS
741	0.005431023232779859	THRB_HUMAN	CNS
742	0.005364401371751813	CADH1_HUMAN	CNS
743	0.005255060935063311	CO3_HUMAN	CNS
744	0.00522367806661945	LAMP2_HUMAN	CNS
745	0.005187630534416549	CD44_HUMAN	CNS
746	0.005142984445997526	PZP_HUMAN	CNS
747	0.005122047068317275	HGFA_HUMAN	CNS
748	0.0050474488307172645	LCAT_HUMAN	CNS
749	0.0050420189577875365	SAA4_HUMAN	CNS
750	0.005001910303464603	MA1A1_HUMAN	CNS
751	0.004882047880827962	FCGBP_HUMAN	CNS
752	0.00480110081952437	ATS13_HUMAN	CNS
753	0.004768133283780113	ENPL_HUMAN	CNS
754	0.004756183826138149	ITIH3_HUMAN	CNS
755	0.0047365763284834515	KNG1_HUMAN	CNS
756	0.004711416281583742	NRP1_HUMAN	CNS
757	0.004702670931235242	APOM_HUMAN	CNS
758	0.004676871718012187	APOC4_HUMAN	CNS
759	0.004569343182729817	A1AT_HUMAN	CNS
760	0.0044169251942484285	CHLE_HUMAN	CNS
761	0.0043590998516859466	APOF_HUMAN	CNS
762	0.004241562114656519	FHR4_HUMAN	CNS
763	0.0041813953590427505	KLKB1_HUMAN	CNS
764	0.00399307888320983	RNAS1_HUMAN	CNS
765	0.0039518362438858146	CATB_HUMAN	CNS
766	0.0038973247002712513	CFAB_HUMAN	CNS
767	0.0037586179911503897	RNAS4_HUMAN	CNS
768	0.0036495006054902326	PVR_HUMAN	CNS
769	0.003580748102204873	BTD_HUMAN	CNS
770	0.0035661430961238423	CAMP_HUMAN	CNS
771	0.0035303475151710786	CRAC1_HUMAN	CNS
772	0.0034971927684638495	CO4B_HUMAN	CNS
773	0.003462629141634042	ITIH2_HUMAN	CNS
774	0.003462558143292456	ACTBL_HUMAN	CNS
775	0.0033896776299898877	ZPI_HUMAN	CNS
776	0.0033246807553072868	ICAM2_HUMAN	CNS
777	0.003248539108441435	ACTB_HUMAN	CNS
778	0.0032264716313033437	CNDP1_HUMAN	CNS
779	0.003164861192487232	PCSK9_HUMAN	CNS
780	0.0031129684654039903	IBP3_HUMAN	CNS
781	0.002998650951143846	A1AG1_HUMAN	CNS
782	0.002964136634260182	FIBB_HUMAN	CNS
783	0.0029580473052296416	SPA11_HUMAN	CNS
784	0.002948567810853211	APOC1_HUMAN	CNS
785	0.0029209055734225695	COL11_HUMAN	CNS
786	0.0028176435265207397	CATD_HUMAN	CNS
787	0.0028112751787327936	A2GL_HUMAN	CNS
788	0.002737025221885059	VASN_HUMAN	CNS
789	0.0025915753057232584	AACT_HUMAN	CNS
790	0.0024954139205450115	IBP6_HUMAN	CNS
791	0.002495171059736642	IBP2_HUMAN	CNS
792	0.002441910733985067	IC1_HUMAN	CNS
793	0.0023671199219560553	PCYOX_HUMAN	CNS
794	0.0023559099780227264	FETUB_HUMAN	CNS
795	0.002272119290877605	CO7_HUMAN	CNS
796	0.00220780738611065	SHBG_HUMAN	CNS
797	0.0021131059396447024	APOC2_HUMAN	CNS
798	0.002077736845680226	APOL1_HUMAN	CNS
799	0.0019816050674157796	CAH1_HUMAN	CNS
800	0.0019147605317837082	PROC_HUMAN	CNS
801	0.001898515482705269	LG3BP_HUMAN	CNS
802	0.0015739121551045768	C163A_HUMAN	CNS
803	0.0014951928269221514	FCG3A_HUMAN	CNS
804	0.0014594623801652943	H4_HUMAN	CNS
805	0.0011895687724395008	CRP_HUMAN	CNS
806	0.0011492946185270856	PLTP_HUMAN	CNS
807	0.0011286653362124345	QSOX1_HUMAN	CNS
808	0.0011272339227465001	VCAM1_HUMAN	CNS
809	0.001068533847564368	PGRP2_HUMAN	CNS
810	0.0010238901957947	GSTO1_HUMAN	CNS
811	0.0009551336367549154	FGL1_HUMAN	CNS
812	0.0008075221899027363	TRFE_HUMAN	CNS
813	0.0007238835304244732	FIBA_HUMAN	CNS
814	0.0005760671025246849	FHR2_HUMAN	CNS
815	0.0005354994586521741	LDHA_HUMAN	CNS
816	0.0005084549828017191	APOH_HUMAN	CNS
817	0.000493153439484029	APOA1_HUMAN	CNS
818	0.0004521799078661378	TTHY_HUMAN	CNS
819	0.00043827622261896604	1433Z_HUMAN	CNS
820	0.00043462474378162276	LMAN2_HUMAN	CNS
821	0.0003695000074429709	ITA2B_HUMAN	CNS
822	0.00017831626051573478	CALM1_HUMAN	CNS
823	2.2586375538829905e-05	AMPN_HUMAN	CNS
824	1.6631805765590583e-06	FCN3_HUMAN	CNS
825	0.03717841462944441	VWF_HUMAN	Cardio
826	0.022208882540188896	PLSL_HUMAN	Cardio
827	0.021271877524409583	CYTC_HUMAN	Cardio
828	0.019080122921682166	CFAD_HUMAN	Cardio
829	0.018037495115405575	A1AT_HUMAN	Cardio
830	0.018017379574696075	CO6A1_HUMAN	Cardio
831	0.017370336137936017	FGL1_HUMAN	Cardio
832	0.0170299765578238	IBP2_HUMAN	Cardio
833	0.015808565031423125	FBLN5_HUMAN	Cardio
834	0.015798629641847754	ITIH1_HUMAN	Cardio
835	0.015438190364292288	ANGT_HUMAN	Cardio
836	0.015320394956237817	AMBP_HUMAN	Cardio
837	0.014849701797027827	APOA1_HUMAN	Cardio
838	0.014785573046467833	SHBG_HUMAN	Cardio
839	0.01477867560553797	PROP_HUMAN	Cardio
840	0.014707053689677906	ACTB_HUMAN	Cardio
841	0.014605906343816767	FHR4_HUMAN	Cardio
842	0.012784959797261354	FINC_HUMAN	Cardio
843	0.012783337747003949	A2GL_HUMAN	Cardio
844	0.01233557536971406	CHLE_HUMAN	Cardio
845	0.011661530697155203	SAA2_HUMAN	Cardio
846	0.01150802987465342	OAF_HUMAN	Cardio
847	0.011304418721254823	LYSC_HUMAN	Cardio
848	0.010951581490310187	IC1_HUMAN	Cardio
849	0.010925113576985576	B2MG_HUMAN	Cardio
850	0.010918686851458203	QSOX1_HUMAN	Cardio
851	0.010855687493443516	LAMP2_HUMAN	Cardio
852	0.010692587405987096	CATB_HUMAN	Cardio
853	0.010540899869845933	BTD_HUMAN	Cardio
854	0.010293594570765938	H4_HUMAN	Cardio
855	0.01019469311931428	CAMP_HUMAN	Cardio
856	0.010003157679099291	NRP1_HUMAN	Cardio
857	0.00987134339127045	MASP2_HUMAN	Cardio
858	0.009456785296606502	TETN_HUMAN	Cardio
859	0.009320220179135395	SEPP1_HUMAN	Cardio
860	0.009262586940449647	A1AG2_HUMAN	Cardio
861	0.009218765565758496	SAA1_HUMAN	Cardio
862	0.00920837941934202	SAA4_HUMAN	Cardio
863	0.009157214266522603	TIMP1_HUMAN	Cardio
864	0.009093106101964009	FCGBP_HUMAN	Cardio
865	0.008691321613431674	LBP_HUMAN	Cardio
866	0.008545438595527208	PGRP2_HUMAN	Cardio
867	0.008491143767875334	A1AG1_HUMAN	Cardio
868	0.008421116346573047	PEDF_HUMAN	Cardio
869	0.008415009337799387	LMAN2_HUMAN	Cardio
870	0.008385855737556562	COIA1_HUMAN	Cardio
871	0.008291781772408593	ITIH3_HUMAN	Cardio
872	0.00824490176875177	HEP2_HUMAN	Cardio
873	0.008241010562606572	RNAS1_HUMAN	Cardio
874	0.008098948286749851	ITIH2_HUMAN	Cardio
875	0.007922490149296274	ICAM2_HUMAN	Cardio
876	0.007198172750270029	VASN_HUMAN	Cardio
877	0.007108647025586721	FBLN3_HUMAN	Cardio
878	0.007006947213920945	PROF1_HUMAN	Cardio
879	0.0069411419438797735	AMPN_HUMAN	Cardio
880	0.006786546065446998	KLKB1_HUMAN	Cardio
881	0.006712246188412395	AACT_HUMAN	Cardio
882	0.006690110720488082	PPIA_HUMAN	Cardio
883	0.006656934024762317	CRAC1_HUMAN	Cardio
884	0.006540765251967103	THBG_HUMAN	Cardio
885	0.006441391333357651	CPN2_HUMAN	Cardio
886	0.006364199064716017	C1QC_HUMAN	Cardio
887	0.006336726799399376	ITIH4_HUMAN	Cardio
888	0.006301331766917893	PLTP_HUMAN	Cardio
889	0.00619915109272467	CRP_HUMAN	Cardio
890	0.006158047843508562	ECM1_HUMAN	Cardio
891	0.00615801704778841	FIBA_HUMAN	Cardio
892	0.0060463000414220985	LDHB_HUMAN	Cardio
893	0.0057659200789970996	APOA2_HUMAN	Cardio
894	0.005557562791059156	ATRN_HUMAN	Cardio
895	0.005551020562906528	ACTG_HUMAN	Cardio
896	0.005479168753962252	CO2_HUMAN	Cardio
897	0.00547819115505251	GSTO1_HUMAN	Cardio
898	0.00545646567772936	ALS_HUMAN	Cardio
899	0.005432174757581753	TYB4_HUMAN	Cardio
900	0.0052510433770504615	CLUS_HUMAN	Cardio
901	0.005060640776714758	CALR_HUMAN	Cardio
902	0.005036839825073804	GAPR1_HUMAN	Cardio
903	0.004984359459052697	CBPB2_HUMAN	Cardio
904	0.004884736296402852	HPT_HUMAN	Cardio
905	0.004730784493689584	LCAT_HUMAN	Cardio
906	0.004654439911970641	FHR1_HUMAN	Cardio
907	0.004652670174325145	FIBG_HUMAN	Cardio
908	0.004507630016747862	PSPB_HUMAN	Cardio
909	0.004456777365690821	PIGR_HUMAN	Cardio
910	0.004331157338551866	RNAS4_HUMAN	Cardio
911	0.004144895896503393	APOC4_HUMAN	Cardio
912	0.004074585115899968	PCYOX_HUMAN	Cardio
913	0.003949172497304504	FHR2_HUMAN	Cardio
914	0.003925735974802664	HRG_HUMAN	Cardio
915	0.0038900059557233566	CATD_HUMAN	Cardio
916	0.003862896215091727	FETUB_HUMAN	Cardio
917	0.0037905639569671837	BGH3_HUMAN	Cardio
918	0.0037792734754203317	PLMN_HUMAN	Cardio
919	0.003650967386843402	PTPRG_HUMAN	Cardio
920	0.003647970750989731	APOH_HUMAN	Cardio
921	0.0035914113939952926	CO9_HUMAN	Cardio
922	0.0035775841292051097	ALDOA_HUMAN	Cardio
923	0.0035556513606539567	ZPI_HUMAN	Cardio
924	0.003498593607671986	CD44_HUMAN	Cardio
925	0.0034529871438350093	GNPTG_HUMAN	Cardio
926	0.0033614382877702924	SAMP_HUMAN	Cardio
927	0.0032694431256227864	CETP_HUMAN	Cardio
928	0.003135612354066393	PCSK9_HUMAN	Cardio
929	0.0031201921226045645	ENPL_HUMAN	Cardio
930	0.0030926254368913875	APOB_HUMAN	Cardio
931	0.003049089219312122	CBPN_HUMAN	Cardio
932	0.0030115331297795663	VCAM1_HUMAN	Cardio
933	0.003007614111045491	APOA4_HUMAN	Cardio
934	0.00292271858933819	LG3BP_HUMAN	Cardio
935	0.002907105130543585	C1RL_HUMAN	Cardio
936	0.002895126171813219	C163A_HUMAN	Cardio
937	0.002839331199385331	HGFA_HUMAN	Cardio
938	0.0026589515443332483	CALM1_HUMAN	Cardio
939	0.0025691619088147972	PTGDS_HUMAN	Cardio
940	0.0025393609282599564	APOC2_HUMAN	Cardio
941	0.0024342454615174664	CO7_HUMAN	Cardio
942	0.0023087752378808963	PROC_HUMAN	Cardio
943	0.0023078711549563056	SPP24_HUMAN	Cardio
944	0.00216131465466997	PON1_HUMAN	Cardio
945	0.002144135664006993	PZP_HUMAN	Cardio
946	0.002127267701638419	IPSP_HUMAN	Cardio
947	0.002036807657867313	TRFE_HUMAN	Cardio
948	0.0020122174283369017	KNG1_HUMAN	Cardio
949	0.0020041862999320577	CO4B_HUMAN	Cardio
950	0.001899385726323466	PRDX6_HUMAN	Cardio
951	0.00179444100512247	IBP7_HUMAN	Cardio
952	0.0017414417827788997	GELS_HUMAN	Cardio
953	0.0016366026309188805	CAH2_HUMAN	Cardio
954	0.001612911864627287	KAIN_HUMAN	Cardio
955	0.0015782485970154648	CAH1_HUMAN	Cardio
956	0.0015122715514815015	FBLN1_HUMAN	Cardio
957	0.0015014306627272234	CERU_HUMAN	Cardio
958	0.0014837561605345363	LDHA_HUMAN	Cardio
959	0.001453262574275874	COL11_HUMAN	Cardio
960	0.0012763714669427652	APOL1_HUMAN	Cardio
961	0.0012381938314732365	FCN3_HUMAN	Cardio
962	0.0012234747794229596	APOM_HUMAN	Cardio
963	0.001217822979571129	APOF_HUMAN	Cardio
964	0.0012046242018540368	CNDP1_HUMAN	Cardio
965	0.0011812183187603562	FETUA_HUMAN	Cardio
966	0.0010593907212610135	CD14_HUMAN	Cardio
967	0.0008792092931871076	FCG3A_HUMAN	Cardio
968	0.0008668914410812532	SPA11_HUMAN	Cardio
969	0.0008312574565135194	CADH1_HUMAN	Cardio
970	0.000812964764461407	APOC1_HUMAN	Cardio
971	0.0007777405610843162	CFAB_HUMAN	Cardio
972	0.000777020811321674	ACTBL_HUMAN	Cardio
973	0.0006695789876295593	IBP3_HUMAN	Cardio
974	0.0005557807604659873	CO3_HUMAN	Cardio
975	0.000554389149520155	IBP6_HUMAN	Cardio
976	0.0005415500332833054	G3P_HUMAN	Cardio
977	0.00053877379319791	AFAM_HUMAN	Cardio
978	0.0005365545957237405	MA1A1_HUMAN	Cardio
979	0.0005329704376964117	TTHY_HUMAN	Cardio
980	0.0005037543051444222	NOE1_HUMAN	Cardio
981	0.00046259579116357394	PHLD_HUMAN	Cardio
982	0.00043770253037943193	1433Z_HUMAN	Cardio
983	0.0004347398805903785	PVR_HUMAN	Cardio
984	0.0003244662677242085	ITA2B_HUMAN	Cardio
985	0.0002883804884927031	FIBB_HUMAN	Cardio
986	0.0001388786500221234	ICAM1_HUMAN	Cardio
987	0.00013138213405914506	PON3_HUMAN	Cardio
988	0.00013055312653475782	THRB_HUMAN	Cardio
989	5.288867541475589e-05	ATS13_HUMAN	Cardio
