feature	importance 0	importance 1	importance 2	Mean Importance	Panel
CNDP1	0.5919819275356802	0.8269142437637886	0.7322166455415808	0.7170376056136832	Coag
ANGT	0.6431807023603271	0.7679954255397874	0.6967964450385091	0.7026575243128746	Coag
ITB3	0.4811961444720838	0.6557499622085418	0.9184489158169687	0.6851316741658647	Coag
PRG4	0.5728906739903641	0.620411778422048	0.7966141122349513	0.6633055215491211	Coag
HEP2	0.6562828311289594	0.6616298755622543	0.6171710032391935	0.6450279033101357	Coag
CXCL7	0.47579558579973735	0.6613547955766833	0.7074703353561549	0.6148735722441919	Coag
TETN	0.6377944346054353	0.5693291170199493	0.6202085817401926	0.6091107111218591	Coag
VWF	0.436427876571791	0.4599282993918952	0.7916389308171702	0.5626650355936188	Coag
TSP1	0.5872763607481951	0.4534978800385204	0.5610350981403283	0.5339364463090146	Coag
FA7	0.39477126353397507	0.6313611142064526	0.5029051393037541	0.5096791723480606	Coag
FA5	0.6203865505646909	0.25293531015700427	0.6228980932655718	0.4987399846624223	Coag
EPCR	0.17048530076355425	0.6127114115639113	0.6957220933313442	0.4929729352196032	Coag
PDIA1	0.40062211548550003	0.5345853299982682	0.5096501793009719	0.48161920826158006	Coag
BGH3	0.4049712197141076	0.3763497648823803	0.619691419914524	0.467004134837004	Coag
TRY3	0.556832251835644	0.6125777099809244	0.22893279765285404	0.4661142531564742	Coag
VSIG4	0.5409954648515711	0.44394213172614766	0.3634782759836424	0.4494719575204537	Coag
FINC	0.7154887912907245	0.40452017103623955	0.22768487232588927	0.44923127821761777	Coag
FHR2	0.3449001589877902	0.6337196003525584	0.3668276368861381	0.44848246540882886	Coag
PEBP4	0.5411935137153455	0.25298428082704816	0.5433821594325439	0.4458533179916458	Coag
CBPB2	0.4800538683922788	0.5247043853278194	0.3242908793799561	0.44301637770001806	Coag
PLF4	0.5733554936524392	0.26557605563488057	0.47917229839874836	0.4393679492286893	Coag
VASN	0.4421019630468822	0.5121023615437034	0.31600757910774424	0.42340396789944323	Coag
FBLN5	0.07964570334174112	0.639160908471324	0.5240965855300928	0.41430106578105264	Coag
LCAT	0.30647811723241214	0.25791169386725155	0.6741563689539593	0.41284872668454103	Coag
CPN2	0.33926213933717464	0.34462408701240727	0.5327114992665014	0.4055325752053611	Coag
CFAD	0.3026654118589155	0.3304322968298409	0.5484855191879111	0.3938610759588892	Coag
ITIH3	0.17513144172624434	0.5319508445204114	0.4714785378185079	0.39285360802172126	Coag
VTDB	0.2081805530422684	0.5237589337664148	0.40174264359861334	0.3778940434690989	Coag
ZPI	0.12132963187903396	0.5636317922905955	0.4482901125743526	0.37775051224799405	Coag
CYTC	0.2635791424848909	0.5850721034476649	0.26699597452556256	0.37188240681937285	Coag
SAA1	0.347583979502662	0.21773380720601115	0.5470734368976227	0.3707970745354319	Coag
CATB	0.26780653004999805	0.27655322046278746	0.5645830440048559	0.3696475981725471	Coag
URP2	0.2475248158712248	0.43667174573276996	0.4178101087557441	0.36733555678657964	Coag
TBB5	0.5019617908267094	0.3476929670566674	0.2437007142855284	0.3644518240563017	Coag
FHR4	0.3191716096923268	0.2521066726036991	0.49236413167711457	0.35454747132438014	Coag
FCG3A	0.3158466471924353	0.5867497136801676	0.14126296912997283	0.3479531100008586	Coag
CFAI	0.2427021913585488	0.32642303495741043	0.4736683701811313	0.34759786549903016	Coag
PROC	0.30667537236745634	0.5643077464133459	0.1471226614826729	0.3393685934211584	Coag
THBG	0.4062691630738424	0.38900782689622365	0.22211148568954675	0.33912949188653757	Coag
PROF1	0.1765034216738104	0.49242006888491224	0.34665904419908306	0.33852751158593525	Coag
FCN3	0.2920229700903548	0.01611542058613681	0.7069652897324973	0.338367893469663	Coag
A1AT	0.42914574783237214	0.12524735879786775	0.458001730707198	0.33746494577914593	Coag
LYAM1	0.2871173504961094	0.3579040480008643	0.36009834734499935	0.33503991528065774	Coag
GPX3	0.2651270917305963	0.27030183046122047	0.4623313923737333	0.33258677152185	Coag
GSTO1	0.3105850824299279	0.3339172793103612	0.35166883707748947	0.33205706627259285	Coag
TENA	0.3645740417223303	0.21621588010035536	0.39487407473682257	0.3252213321865028	Coag
A2AP	0.13167462715458092	0.3337863675839741	0.4716721092741992	0.31237770133758475	Coag
CO8A	0.3502273599133086	0.27445743626292224	0.3104854986106728	0.31172343159563454	Coag
PTGDS	0.3231307880086733	0.52614425672799	0.08045757889031935	0.3099108745423275	Coag
ITIH2	0.2494281313822311	0.2718721731631237	0.4074043436661383	0.3095682160704977	Coag
CO5	0.057122355515197475	0.40367107193746044	0.4660513307606853	0.3089482527377811	Coag
FHR1	0.33713083108156605	0.40493593092164204	0.17411235784926737	0.3053930399508252	Coag
LAMP1	0.2898751357552274	0.3076356145641623	0.30825905555822486	0.30192326862587154	Coag
GELS	0.3665059114297996	0.20330193167862326	0.3207502610614095	0.2968527013899441	Coag
C1QA	0.3729683146975681	0.14223332176677908	0.3745287599364134	0.2965767988002535	Coag
IBP2	0.21071489786376332	0.26033505979966476	0.41338656444496574	0.2948121740361313	Coag
CO9	0.3786035330108051	0.1474360714647239	0.3421492641540631	0.28939628954319735	Coag
F13A	0.4091172213614832	0.34962371829491423	0.09938135070739719	0.2860407634545982	Coag
A1AG2	0.43265979619510037	0.094099285513465	0.32247009460954235	0.2830763921060359	Coag
PTPRG	0.30439844433030055	0.1747030572716734	0.3541585816040424	0.27775336106867216	Coag
ECM1	0.008708653576875025	0.4763205284072313	0.3411361121045063	0.2753884313628709	Coag
APOF	0.1769661712662025	0.3386781180006411	0.29849303375267433	0.27137910767317264	Coag
ENPL	0.47644407817092066	0.13680585557392433	0.1887945981467934	0.2673481772972128	Coag
ATRN	0.13489231211695768	0.23492001015147185	0.4252203807381784	0.26501090100220265	Coag
C1RL	0.2509521704139955	0.3121000589322003	0.22967082798320876	0.26424101910980147	Coag
SAA4	0.1978416424496892	0.32222275182629817	0.27000316102232585	0.2633558517661044	Coag
APOH	0.1621551624901499	0.4204443219361976	0.20652250047813347	0.263040661634827	Coag
APOC1	0.26437077392232444	0.40634104000735477	0.11837779845736951	0.2630298707956829	Coag
SAA2	0.28730967774550215	0.2511102927332204	0.24861749387530152	0.26234582145134133	Coag
FBLN1	0.22694272339610316	0.27614291813083974	0.28242288996342924	0.26183617716345736	Coag
A1AG1	0.08496087255089099	0.22723649182212502	0.46814886271767836	0.2601154090302315	Coag
CO3	0.3462946649087325	0.12458184564119387	0.3091995122256878	0.26002534092520474	Coag
LYSC	0.40699713819274413	0.3146965319635938	0.052921136735765546	0.2582049356307012	Coag
CFAB	0.156513325406155	0.3875686136166533	0.2272535907868769	0.25711184326989506	Coag
KLKB1	0.255942805907415	0.35787698870540935	0.1546158695184673	0.2561452213770972	Coag
VCAM1	0.3653481972552495	0.25344190212539847	0.13322627360586267	0.25067212432883684	Coag
COF1	0.26557587393117316	0.18669879725110264	0.2876308927230811	0.2466351879684523	Coag
ALDOB	0.31778724461656654	0.17445863950948906	0.24024075443049162	0.24416221285218243	Coag
BIP	0.20748944316312598	0.26065317965987655	0.25289996474595433	0.2403475291896523	Coag
PROP	0.2028972261167214	0.4223390625882263	0.08015816972468143	0.23513148614320967	Coag
ITIH4	0.08464256354155177	0.5309021347362523	0.08558840444824947	0.2337110342420178	Coag
CO6A3	0.284899550480145	0.355260251154625	0.058461588234901746	0.23287379662322394	Coag
DOPO	0.3098897741230246	0.35396272666680034	0.03435078516569712	0.23273442865184069	Coag
IBP7	0.4942954951606802	0.16927111462982425	0.03337555563950387	0.2323140551433361	Coag
CMGA	0.08703767137757197	0.4962799228146549	0.11306472413000238	0.23212743944074307	Coag
PHLD	0.2951787072599999	0.2399144700304128	0.1584127689137842	0.2311686487347323	Coag
FA12	0.17236079384771805	0.11743958875763005	0.4001705913086524	0.22999032463800018	Coag
S10A9	0.2740051127222285	0.2648410253793341	0.14833804703072345	0.2290613950440953	Coag
ADIPO	0.15206426084847963	0.4187836149521848	0.11540942249751371	0.2287524327660594	Coag
NOE1	0.19200813729178187	0.18128442564379707	0.31077943917410117	0.2280240007032267	Coag
KNG1	0.15453063273136425	0.2977217348788124	0.22535487072374222	0.22586907944463963	Coag
TRFE	0.4213799611190586	0.22128174267315298	0.03336212199214826	0.22534127526145328	Coag
HGFA	0.18521718710971163	0.43684030489265	0.053527338175749714	0.22519494339270377	Coag
IL1AP	0.10580517645975607	0.11913444034251726	0.44706338536417356	0.22400100072214899	Coag
BTD	0.17126362569262277	0.3192294686733191	0.17558586066517445	0.22202631834370545	Coag
TRY1	0.1411467757911578	0.37730616110806015	0.1463303333847366	0.22159442342798483	Coag
MBL2	0.1461374188302541	0.35484731957725624	0.1618991461664964	0.22096129485800223	Coag
ACTN4	0.10402651720829828	0.06170338079541339	0.49623296529480265	0.22065428776617146	Coag
LUM	0.1302485115155422	0.29114819758518196	0.23417240473984577	0.21852303794685665	Coag
CO8G	0.23412312294426615	0.1795647398504092	0.23548374916762238	0.21639053732076588	Coag
FIBA	0.191494224614058	0.2870476758297948	0.1684817587537822	0.21567455306587835	Coag
MUC18	0.43995511377478697	0.19244248053769444	0.011933596065368066	0.21477706345928316	Coag
CO2	0.006069391536507642	0.41221892352043354	0.22018976144979902	0.21282602550224672	Coag
AACT	0.2624280581080168	0.27609373656398273	0.09870439949898002	0.21240873139032654	Coag
SPP24	0.33018002503006366	0.08640862473494429	0.21411834242450042	0.2102356640631695	Coag
F13B	0.040120150323497424	0.03976078642712981	0.5454875508200749	0.20845616252356738	Coag
CALM1	0.2716843197173717	0.013843721359120488	0.3397888048971379	0.2084389486578767	Coag
APOA	0.2370075204294691	0.2051094910565205	0.18098700430241293	0.20770133859613416	Coag
ZA2G	0.2161282821105356	0.2813530914221633	0.12369097849638826	0.2070574506763624	Coag
KPYM	0.2894498177333849	0.13217022202756482	0.18980213931389417	0.203807393024948	Coag
LDHB	0.23984953446887056	0.21210512530209774	0.15323780829432962	0.20173082268843265	Coag
PGRP2	0.01884507210624061	0.24555687609726373	0.3327328199618081	0.1990449227217708	Coag
CD14	0.22616767292470413	0.044478850626241566	0.3215459533512985	0.19739749230074807	Coag
PIGR	0.10911387000394684	0.13851049369186544	0.34334695950817956	0.19699044106799726	Coag
HABP2	0.16322750890438797	0.19989892379581944	0.22722353877979384	0.19678332382666708	Coag
HBE	0.14466025681745515	0.43046923395002357	0.012440148410145855	0.1958565463925415	Coag
COIA1	0.011759922539616276	0.29369964295824896	0.28055837495063685	0.19533931348283404	Coag
THRB	0.015870971530323554	0.25079619152257243	0.3169718475663216	0.19454633687307252	Coag
HGFL	0.2739977195715981	0.07751602131041459	0.22994634645376952	0.1938200291119274	Coag
PCSK9	0.1627559155176201	0.16844420459173845	0.24921760823355324	0.1934725761143039	Coag
CO4B	0.05143369647489634	0.30720443078876647	0.21855373455688912	0.19239728727351732	Coag
DSG2	0.2537842939653394	0.21005096927096217	0.11179921974692483	0.1918781609944088	Coag
FETUB	0.12005848605944978	0.27688633932517215	0.17819745698285253	0.1917140941224915	Coag
B2MG	0.23954587736586216	0.16995538350529263	0.1647585115364179	0.19141992413585754	Coag
TLN1	0.1353502132673245	0.23174047924288524	0.2068317566622801	0.19130748305749665	Coag
CAD13	0.06877076636287098	0.2489094463934302	0.25132906989925186	0.18966976088518436	Coag
FA11	0.24547930225235143	0.025506398827012906	0.29559179002270075	0.18885916370068837	Coag
ALDOA	0.2910896988524669	0.21877509639723622	0.05426052185473064	0.18804177236814457	Coag
CRIS3	0.27771980501982546	0.08046775444697873	0.19901800628746683	0.18573518858475702	Coag
FLNA	0.13136311959947958	0.1383349669501044	0.2872337925543685	0.18564395970131745	Coag
ACTB	0.09716876517195833	0.1513836235117172	0.30758774541505896	0.18538004469957814	Coag
FIBG	0.2523200606848221	0.08214904833618603	0.22048625456724175	0.18498512119608326	Coag
LKHA4	0.056062713675833604	0.23326508122031253	0.2655950253847581	0.18497427342696807	Coag
CFAH	0.33727742885305223	0.013638475485239433	0.19886849613515006	0.1832614668244806	Coag
COL11	0.09342122083538609	0.2547768429453879	0.1987855227519619	0.18232786217757865	Coag
ENOA	0.4291687643169509	0.01512218877324406	0.09713239915189115	0.18047445074736204	Coag
CHLE	0.2643311646523393	0.019174641068497113	0.24768634106022136	0.17706404892701924	Coag
CADH5	0.07296548009941033	0.2901392041192206	0.1677766482173278	0.17696044414531956	Coag
C1QB	0.08973924202179283	0.3058531084607873	0.130785974275784	0.17545944158612137	Coag
PDLI1	0.28439794665478063	0.21611718998198093	0.02383906062545315	0.17478473242073822	Coag
ACTN1	0.09753309480797241	0.09869693154960145	0.32468485490158094	0.17363829375305162	Coag
ANGI	0.29012480762791215	0.14451533524771826	0.08522462726893162	0.173288256714854	Coag
KRT85	0.3120478277276416	0.013859665725149814	0.1937255138745865	0.17321100244245932	Coag
THIO	0.13398401883272393	0.13154244656543523	0.25196161852449916	0.17249602797421945	Coag
AFAM	0.209509069469672	0.10934531745462772	0.19686545684323523	0.1719066145891783	Coag
IBP3	0.1709767449577981	0.15521267190353216	0.18933359652964063	0.171841004463657	Coag
ITA2B	0.2395599437985916	0.06709220085643329	0.20624113684891648	0.17096442716798044	Coag
TPM3	0.19549869689271981	0.03223874424352967	0.2840040580335322	0.1705804997232606	Coag
C163A	0.188703838275357	0.2859042726174883	0.03693055241645731	0.1705128877697675	Coag
LDHA	0.1914767409594625	0.06771102491925979	0.25141007473886307	0.17019928020586175	Coag
HRG	0.1689225236808699	0.21644516715076167	0.12105420216308696	0.16880729766490618	Coag
SHBG	0.2659183606200837	0.10291455936395517	0.13227879466417375	0.1670372382160709	Coag
TBB1	0.07180705377062899	0.39674240775028297	0.031850124833134416	0.16679986211801545	Coag
CSPG2	0.059395951950057445	0.1408167982814819	0.29735526146751384	0.16585600389968438	Coag
GP1BA	0.008653446231254358	0.29348353293680807	0.1942053676135441	0.16544744892720217	Coag
COL10	0.22270214919553818	0.047812063176664955	0.2237528030123185	0.16475567179484055	Coag
C1S	0.008587675990895813	0.2814529639431723	0.20066853744604474	0.16356972579337095	Coag
FETUA	0.04923280116512053	0.24114834450544248	0.1986028008390936	0.1629946488365522	Coag
TTHY	0.07275655960695336	0.06756239394534784	0.34698380216716257	0.16243425190648794	Coag
PSPB	0.2086281849419722	0.15543316329657378	0.11574220006359091	0.1599345161007123	Coag
K2C1	0.18654121349675284	0.003894258980656648	0.2867796576152278	0.15907171003087908	Coag
ACTS	0.20058639584374643	0.2472130393024488	0.028508237615866447	0.15876922425402057	Coag
CRP	0.05408344302501982	0.2009256975631326	0.21952996883526693	0.1581797031411398	Coag
K1C10	0.03418653912030121	0.07002372344405727	0.3652743052635316	0.15649485594263002	Coag
MA2A1	0.08083102211216439	0.22546722546784945	0.16151786252263825	0.1559387033675507	Coag
MRC1	0.03519353319543272	0.24887994090639387	0.18286747101060014	0.15564698170414223	Coag
HS90A	0.2456941899802185	0.08418434445236181	0.13667302981975624	0.1555171880841122	Coag
K22E	0.12656158893307282	0.021320964969142504	0.3182276665584337	0.155370073486883	Coag
PI16	0.38642156987497683	0.030059291058709286	0.0481809124648248	0.15488725779950366	Coag
CALR	0.09967410277508688	0.15351995229635396	0.21131706834567096	0.15483704113903726	Coag
CBG	0.12138108699522684	0.04232651495193505	0.3002140819979108	0.1546405613150242	Coag
VINC	0.17367379010718131	0.14178017847679258	0.14616420867301527	0.15387272575232971	Coag
SODC	0.04767936671073838	0.2312994695298093	0.17998729194027457	0.1529887093936074	Coag
PCOC1	0.058988194801858775	0.2509672707630557	0.1460263022558838	0.15199392260693276	Coag
APOA4	0.27282583159488644	0.09832336342693229	0.08299272032440526	0.15138063844874133	Coag
ITIH1	0.22261398167742497	0.09544031423587902	0.1314246330004535	0.14982630963791918	Coag
APOC4	0.12016167961943193	0.12406328652493975	0.2035615063533988	0.14926215749925684	Coag
FGL1	0.0921942753787048	0.04264393529418343	0.3110098606778745	0.1486160237835876	Coag
NCHL1	0.31905443000694184	0.013804579915800546	0.1104728609744132	0.14777729029905184	Coag
SEPP1	0.2121792483417438	0.09031287947657661	0.13945250268693787	0.1473148768350861	Coag
APMAP	0.3716258199693099	0.027148253904124876	0.038407873703269375	0.1457273158589014	Coag
ICAM1	0.10988049417308886	0.27885617449982125	0.04622842723607236	0.14498836530299417	Coag
MASP1	0.05469257396657278	0.2836203684534072	0.09524228706111197	0.14451840982703065	Coag
SODE	0.27784890782274585	0.025446340631908752	0.12800946246282102	0.1437682369724919	Coag
ADA2	0.30553457971544695	0.08598907376696799	0.039428128614349925	0.14365059403225494	Coag
FUCO	0.058389542904634655	0.15505063627735993	0.217486256823757	0.14364214533525052	Coag
LBP	0.22438130389664004	0.06726769122192085	0.13781173391170895	0.1431535763434233	Coag
PON1	0.08045421842652438	0.1729729699150009	0.17368152614934357	0.14236957149695628	Coag
CD5L	0.2912953024864626	0.028430907507502483	0.10575946985253819	0.14182855994883445	Coag
AMPN	0.1631980825728057	0.039169542765875996	0.22287726107202593	0.1417482954702359	Coag
PRG2	0.13421624308318375	0.05728893722768257	0.23280613493229846	0.14143710508105492	Coag
APOB	0.19574117874057878	0.04200534065682752	0.18333558025969038	0.14036069988569888	Coag
A2MG	0.12285625380414184	0.07732500295702638	0.2138558734037758	0.138012376721648	Coag
APOM	0.20567485710685274	0.1942337535768253	0.01405782360751528	0.13798881143039776	Coag
CO7	0.07530572407749801	0.19857072842553605	0.13954479398067363	0.1378070821612359	Coag
LG3BP	0.23661179469980193	0.13843357499700312	0.03535694643482481	0.1368007720438766	Coag
CO6A1	0.156367535433429	0.19233006556897395	0.05965594827893134	0.13611784976044475	Coag
PCYOX	0.007505255704314203	0.3209177061457798	0.07856958486794366	0.13566418223934587	Coag
APOD	0.2030125604466287	0.09329182279906853	0.11053800894570302	0.13561413073046674	Coag
AOC3	0.3053044788216493	0.0031691832336438646	0.09660748340850361	0.13502704848793226	Coag
CBPN	0.20358543698770656	0.174545015144994	0.025900128002814826	0.1346768600451718	Coag
VTNC	0.21262022328662752	0.16217175764315997	0.027147462493778328	0.13397981447452192	Coag
TBA4A	0.11979079910627304	0.25588922450904594	0.024556362102854872	0.13341212857272464	Coag
HPTR	0.0685929255880516	0.04241796709441699	0.28865492776379525	0.13322194014875463	Coag
KAIN	0.11046551782421529	0.22418072897569574	0.06096762071807778	0.13187128917266294	Coag
LAMP2	0.14813437898174878	0.09939712143527217	0.14365242775617743	0.13039464272439946	Coag
IC1	0.08498414601051224	0.015268895067289054	0.2866099913689001	0.12895434414890047	Coag
QSOX1	0.2958746408183201	0.07146389097322127	0.019159508903112025	0.12883268023155112	Coag
C1QC	0.011849477952706942	0.23655084148344568	0.13174420081309035	0.12671484008308098	Coag
ICAM2	0.03419436140768938	0.05026968825903258	0.29545515826066876	0.12663973597579692	Coag
TAGL2	0.0339989354763961	0.3071635371018209	0.038239043008783814	0.1264671718623336	Coag
A1BG	0.08172488588088912	0.29510437637745734	0.0013251335424217824	0.12605146526692276	Coag
PEDF	0.009577840736503127	0.1469106962150585	0.2211375004506747	0.12587534580074544	Coag
C4BPA	0.23540479336749046	0.10561110007446456	0.036411295915200925	0.125809063119052	Coag
NID1	0.07302238689588139	0.08598247166731791	0.21015742036294183	0.12305409297538038	Coag
PXDC2	0.16071771932176782	0.044559884375256556	0.16381760876633902	0.1230317374877878	Coag
ALS	0.07356664306703464	0.0494361426452518	0.245078099115267	0.12269362827585116	Coag
TBB4A	0.05855539688191249	0.17841566041605594	0.13058446144602703	0.1225185062479985	Coag
APOL1	0.23102722124856187	0.10603415404473966	0.028067995939467856	0.12170979041092313	Coag
1433Z	0.3057277122092006	0.0032893032732694834	0.04804405842214823	0.11902035796820609	Coag
AMBP	0.09395829542473498	0.09008682578104082	0.17169691092517456	0.11858067737698345	Coag
FBLN3	0.17510134149756187	0.08425945125742888	0.09581537198046995	0.11839205491182024	Coag
CATD	0.29513763723289843	0.031162391690144464	0.028721539109615404	0.11834052267755275	Coag
FA9	0.052220282348646785	0.09732947520818441	0.20511765054377962	0.11822246936687027	Coag
MYL6	0.1593791149262657	0.12370494244881274	0.07061859325140556	0.11790088354216133	Coag
TFR1	0.13777115816957652	0.1784580814788018	0.0277848494751584	0.11467136304117892	Coag
ACTG	0.25212466989382537	0.02816557737574477	0.0636348217471896	0.11464168967225324	Coag
COMP	0.08187034626692993	0.014766603237746055	0.24467337839757247	0.11377010930074949	Coag
CD44	0.09038525099203645	0.12864023253609097	0.12216415266597236	0.1137298787313666	Coag
FCN2	0.0918361627338359	0.0754120985739878	0.1723500082846458	0.11319942319748984	Coag
RET4	0.05470758648649107	0.27754497511382376	0.004528393101372554	0.11226031823389578	Coag
H4	0.1393073196350819	0.11855791888290682	0.07808738485349671	0.11198420779049513	Coag
IPSP	0.15567149882241962	0.003329122225730319	0.17296066239306207	0.11065376114707066	Coag
G3P	0.17715426312211344	0.12372805340767051	0.030930658949025115	0.11060432515960301	Coag
C1R	0.20388405244392274	0.10992706856439255	0.01667962916606972	0.11016358339146169	Coag
TIMP1	0.26328884890016535	0.03285103349710944	0.03185433491326481	0.10933140577017986	Coag
NCAM1	0.042558648400734034	0.2297437758309659	0.05559324506735731	0.10929855643301907	Coag
CRAC1	0.1553125854223945	0.11901209972840138	0.053325682062279355	0.10921678907102507	Coag
TENX	0.1119192336939805	0.13738020810874108	0.07603938539741958	0.10844627573338039	Coag
CLUS	0.07348898230589912	0.1556402280323928	0.09516761393564156	0.10809894142464449	Coag
PLTP	0.14731109348419885	0.04657457696276679	0.12827582212275598	0.1073871641899072	Coag
RNAS1	0.1961215888686809	0.059388422806094535	0.06337181025305777	0.10629394064261107	Coag
SAMP	0.1119511809087	0.14414007343957422	0.05365723278293647	0.10324949571040358	Coag
CADH1	0.18617236091426764	0.045724613932636604	0.07750788809412526	0.10313495431367652	Coag
APOC3	0.006241433216065449	0.07977788057910938	0.21634075971884473	0.10078669117133986	Coag
PROS	0.018190182667014283	0.1199731257452181	0.15017328636097294	0.0961121982577351	Coag
PPIA	0.18927033377302396	0.02816976349467519	0.06382243134068002	0.09375417620279307	Coag
EIF3M	0.0817602721926609	0.16601145750585136	0.032768794117431874	0.09351350793864804	Coag
NRP1	0.10045986209876634	0.058633826197387114	0.11909097335512996	0.0927282205504278	Coag
MA1A1	0.15111994940552806	0.11141356724362522	0.011471348134535061	0.0913349549278961	Coag
PROZ	0.15970905164343063	0.02864924233231901	0.0853977050213467	0.09125199966569879	Coag
CO6	0.06505031771048801	0.08809831045741352	0.10820764163141824	0.08711875659977326	Coag
APOC2	0.14615807265081632	0.09130710551121468	0.018974303272415265	0.08547982714481543	Coag
PLSL	0.05322338920491063	0.15475250519193787	0.04741606351859739	0.08513065263848196	Coag
FA10	0.11096475202091746	0.019548198034228696	0.12454811155735167	0.08502035387083261	Coag
FHR5	0.08717859227139767	0.06615088313304442	0.08557412342731316	0.07963453294391841	Coag
HSP7C	0.16468957898483158	0.01930799656867764	0.05483456415437058	0.07961071323595993	Coag
RS27A	0.08085721312849417	0.05521236292975214	0.09734427812050879	0.07780461805958504	Coag
FIBB	0.061297731695581885	0.02137724746224348	0.14776448089882663	0.07681315335221733	Coag
TPM4	0.06477947510703091	0.062069523232490285	0.09957935735615854	0.07547611856522658	Coag
PLMN	0.01632008548569692	0.02556408402320673	0.17657216656653263	0.0728187786918121	Coag
CETP	0.0031574729077510173	0.027821413479126186	0.18231937676135415	0.07109942104941046	Coag
POSTN	0.04723074859754991	0.09882434147610393	0.06598308246711534	0.07067939084692305	Coag
MASP2	0.13234505501203103	0.06053492216954935	0.014950177434287504	0.0692767182052893	Coag
FCGBP	0.020611174704067967	0.14760773447685008	0.03885969705650816	0.06902620207914206	Coag
CAP1	0.06274339878728163	0.13862611157829324	0.004930290501544308	0.06876660028903973	Coag
CSF1R	0.02082849007847688	0.17419645591949945	0.006573714308564151	0.0671995534355135	Coag
APOA2	0.06429496895692435	0.11192385910956032	0.020227677872817994	0.06548216864643422	Coag
A2GL	0.18427572966422687	0.0035444907910160387	0.00028107381424388636	0.06270043142316227	Coag
CO4A	0.029939338055576956	0.12962277067077332	0.018991187064676715	0.05951776526367567	Coag
CERU	0.052954089018489206	0.05217427300402115	0.07044122182335938	0.05852319461528991	Coag
FHR3	0.0069664165125955455	0.12603783690475295	0.03993498571575205	0.05764641304436685	Coag
HLAB	0.020036572860645415	0.13379502876193694	0.018299797414464733	0.057377133012349035	Coag
PRDX2	0.1010386549020215	0.05401905275631045	0.01123932536297659	0.05543234434043618	Coag
ANT3	0.009129798223387603	0.12447811560348405	0.030925199657221954	0.054844371161364536	Coag
HPT	0.0413828403770178	0.06515024709050818	0.05466141644110129	0.05373150130287576	Coag
PZP	0.007453704690236895	0.004876083797052481	0.14455255162253752	0.0522941133699423	Coag
ALBU	0.061610959634454086	0.04725990579572673	0.04486943692993081	0.05124676745337054	Coag
MMP2	0.0549878838930479	0.014373502629144516	0.07580201116880246	0.048387799230331624	Coag
LIRB1	0.009769027389364663	0.1074161258470517	0.020315624099207025	0.045833592445207794	Coag
C4BPB	0.009731324559222699	0.09516078537763067	0.016157740312058362	0.04034995008297058	Coag
OAF	0.010030930612875773	0.03277967722343943	0.07573397773733326	0.03951486185788282	Coag
RAP1B	0.05742369189888508	0.0109245689937421	0.04248304481218035	0.03694376856826918	Coag
TSP4	0.008788924180357904	0.03479355595908776	0.05741140073859648	0.03366462695934738	Coag
RNAS4	0.01006560007416582	0.059943840418170705	0.023973536857557445	0.03132765911663132	Coag
PON3	0.0014498841681627038	0.04865802779081044	0.035512152977678	0.02854002164555038	Coag
CAMP	0.008318172625182503	0.03378155544127908	0.011888934596173288	0.017996220887544958	Coag
