feature	iteration_0_importance	iteration_0_rank	iteration_1_importance	iteration_1_rank	iteration_2_importance	iteration_2_rank	iteration_3_importance	iteration_3_rank	iteration_4_importance	iteration_4_rank	iteration_5_importance	iteration_5_rank	iteration_6_importance	iteration_6_rank	iteration_7_importance	iteration_7_rank	iteration_8_importance	iteration_8_rank	iteration_9_importance	iteration_9_rank	iteration_10_importance	iteration_10_rank	iteration_11_importance	iteration_11_rank	iteration_12_importance	iteration_12_rank	iteration_13_importance	iteration_13_rank	iteration_14_importance	iteration_14_rank	iteration_15_importance	iteration_15_rank	iteration_16_importance	iteration_16_rank	iteration_17_importance	iteration_17_rank	iteration_18_importance	iteration_18_rank	iteration_19_importance	iteration_19_rank	iteration_20_importance	iteration_20_rank	iteration_21_importance	iteration_21_rank	iteration_22_importance	iteration_22_rank	iteration_23_importance	iteration_23_rank	iteration_24_importance	iteration_24_rank	iteration_25_importance	iteration_25_rank	iteration_26_importance	iteration_26_rank	iteration_27_importance	iteration_27_rank	iteration_28_importance	iteration_28_rank	iteration_29_importance	iteration_29_rank	iteration_30_importance	iteration_30_rank	iteration_31_importance	iteration_31_rank	iteration_32_importance	iteration_32_rank	iteration_33_importance	iteration_33_rank	iteration_34_importance	iteration_34_rank	iteration_35_importance	iteration_35_rank	iteration_36_importance	iteration_36_rank	iteration_37_importance	iteration_37_rank	iteration_38_importance	iteration_38_rank	iteration_39_importance	iteration_39_rank	iteration_40_importance	iteration_40_rank	iteration_41_importance	iteration_41_rank	iteration_42_importance	iteration_42_rank	iteration_43_importance	iteration_43_rank	iteration_44_importance	iteration_44_rank	iteration_45_importance	iteration_45_rank	iteration_46_importance	iteration_46_rank	iteration_47_importance	iteration_47_rank	iteration_48_importance	iteration_48_rank	iteration_49_importance	iteration_49_rank	iteration_50_importance	iteration_50_rank	iteration_51_importance	iteration_51_rank	iteration_52_importance	iteration_52_rank	iteration_53_importance	iteration_53_rank	iteration_54_importance	iteration_54_rank	iteration_55_importance	iteration_55_rank	iteration_56_importance	iteration_56_rank	iteration_57_importance	iteration_57_rank	iteration_58_importance	iteration_58_rank	iteration_59_importance	iteration_59_rank	iteration_60_importance	iteration_60_rank	iteration_61_importance	iteration_61_rank	iteration_62_importance	iteration_62_rank	iteration_63_importance	iteration_63_rank	iteration_64_importance	iteration_64_rank	iteration_65_importance	iteration_65_rank	iteration_66_importance	iteration_66_rank	iteration_67_importance	iteration_67_rank	iteration_68_importance	iteration_68_rank	iteration_69_importance	iteration_69_rank	iteration_70_importance	iteration_70_rank	iteration_71_importance	iteration_71_rank	iteration_72_importance	iteration_72_rank	iteration_73_importance	iteration_73_rank	iteration_74_importance	iteration_74_rank	iteration_75_importance	iteration_75_rank	iteration_76_importance	iteration_76_rank	iteration_77_importance	iteration_77_rank	iteration_78_importance	iteration_78_rank	iteration_79_importance	iteration_79_rank	iteration_80_importance	iteration_80_rank	iteration_81_importance	iteration_81_rank	iteration_82_importance	iteration_82_rank	iteration_83_importance	iteration_83_rank	iteration_84_importance	iteration_84_rank	iteration_85_importance	iteration_85_rank	iteration_86_importance	iteration_86_rank	iteration_87_importance	iteration_87_rank	iteration_88_importance	iteration_88_rank	iteration_89_importance	iteration_89_rank	iteration_90_importance	iteration_90_rank	iteration_91_importance	iteration_91_rank	iteration_92_importance	iteration_92_rank	iteration_93_importance	iteration_93_rank	iteration_94_importance	iteration_94_rank	iteration_95_importance	iteration_95_rank	iteration_96_importance	iteration_96_rank	iteration_97_importance	iteration_97_rank	iteration_98_importance	iteration_98_rank	iteration_99_importance	iteration_99_rank	mean_importance	median_importance	stdev_importance	mean_rank	median_rank	stdev_rank
VWF_HUMAN	0.8010288059030127	2.0	0.5268049600647435	4.0	1.0	1.0	0.8948968118370597	2.0	1.0	1.0	0.8965718044541003	2.0	1.0	1.0	0.9055812010333508	2.0	1.0	1.0	0.7347965419658931	4.0	1.0	1.0	1.0	1.0	0.9394927990814602	2.0	0.8772426376208666	2.0	1.0	1.0	0.75777279903339	3.0	1.0	1.0	0.9024130309592491	2.0	1.0	1.0	1.0	1.0	0.965880912112554	3.0	0.8717510422240102	3.0	1.0	1.0	1.0	1.0	0.6043937956687566	2.0	0.5633436068182435	3.0	0.7129633025025841	4.0	0.6999029468990402	3.0	1.0	1.0	1.0	1.0	1.0	1.0	1.0	1.0	1.0	1.0	1.0	1.0	1.0	1.0	0.8850081875511361	2.0	1.0	1.0	0.8629820724319893	4.0	1.0	1.0	0.927638911666295	2.0	1.0	1.0	1.0	1.0	1.0	1.0	1.0	1.0	0.7397103563109696	2.0	1.0	1.0	0.8716020120567904	2.0	1.0	1.0	0.9057876540539562	2.0	1.0	1.0	1.0	1.0	0.9193564830511561	2.0	0.819078447252758	3.0	0.9425607133698763	2.0	1.0	1.0	1.0	1.0	0.6052212468154669	4.0	0.7443211581545319	2.0	0.7618532544815336	4.0	0.5364020618534463	5.0	0.9062985798866358	4.0	0.4879240850345369	5.0	0.9441326422036022	2.0	1.0	1.0	0.7365782539549658	3.0	0.6068985145163168	2.0	1.0	1.0	0.9710069379039947	2.0	0.9575919873365576	2.0	0.8464306781308109	3.0	1.0	1.0	1.0	1.0	0.8561786175740135	2.0	1.0	1.0	0.7647318398512128	5.0	0.6812312467256978	3.0	0.43658304698674727	6.0	1.0	1.0	1.0	1.0	1.0	1.0	0.8079601839173505	2.0	0.7478929696670373	2.0	1.0	1.0	0.5456165871716958	4.0	1.0	1.0	1.0	1.0	0.9950892162717506	2.0	0.7361577956549387	2.0	0.6508009273299513	3.0	0.7488862586204608	2.0	1.0	1.0	1.0	1.0	0.8083114728327492	3.0	0.9844682139256938	2.0	0.6827302864749675	3.0	1.0	1.0	0.7576472583317743	2.0	1.0	1.0	0.8142175418291567	3.0	0.9826140074380921	2.0	0.8863433870679891	0.9684439250082744	0.14821159362771405	1.96	2.0	1.1627205992495326
SAA2_HUMAN	0.07615303631128001	10.0	1.0	1.0	0.6160366429016509	5.0	1.0	1.0	0.8025726373604274	2.0	0.33036732957423603	6.0	0.8438936289087251	3.0	0.8037858176851375	3.0	0.8221337006913912	2.0	0.7415949070252759	3.0	0.6706804300090902	2.0	0.9675107227474337	2.0	0.7029648126900062	4.0	1.0	1.0	0.0256332373131956	10.0	1.0	1.0	0.5815592951309189	6.0	1.0	1.0	0.3500249782908474	5.0	0.280140133828404	6.0	0.9739577903310669	2.0	1.0	1.0	0.8034105248928861	2.0	0.20229517448550774	7.0	1.0	1.0	0.8252584587816748	2.0	0.7962019999095368	2.0	1.0	1.0	0.5665566235104929	5.0	0.27488442356158965	6.0	0.35340513584421773	7.0	0.22760467691481337	8.0	0.15924964709254566	8.0	0.7291103462830685	2.0	0.5351577202616694	3.0	0.5569239158430677	4.0	0.930964691462229	2.0	0.8739053602484564	3.0	0.23068023920921413	6.0	0.3533120989068946	6.0	0.8418725005207196	2.0	0.5578388176497685	4.0	0.6110662220200748	2.0	0.5066455579090182	4.0	1.0	1.0	0.3839106565241432	6.0	0.4645475644898608	8.0	0.6227313911826621	3.0	1.0	1.0	0.5848276544933946	4.0	0.3975632786678223	4.0	0.8746268977086801	3.0	0.6855346057602346	7.0	0.753369985612251	4.0	0.6026062643527188	5.0	0.9771029178188141	2.0	0.5836970680732176	5.0	0.06396566562392596	9.0	0.8123370974997672	2.0	0.8067927534400227	2.0	0.9536857902004416	2.0	0.491680657279413	4.0	1.0	1.0	0.3400517816475942	6.0	0.8303136160218498	2.0	1.0	1.0	0.7977445038360012	2.0	1.0	1.0	1.0	1.0	0.5675534179329387	6.0	0.3469164759997957	6.0	0.9077732387516212	2.0	0.41783405073264424	5.0	0.38655779953291236	4.0	0.8600196058425091	3.0	0.5918701887111788	5.0	0.5431608437538074	4.0	0.7964726183342762	3.0	0.8646014605408374	2.0	0.5172611397410627	4.0	1.0	1.0	1.0	1.0	0.6700193625008379	2.0	1.0	1.0	0.853847562817559	3.0	0.6661870307272414	3.0	0.7738551693664036	4.0	0.5364640996946338	3.0	1.0	1.0	1.0	1.0	0.40743853810832187	7.0	0.6754433500098349	2.0	0.42103693394708247	6.0	0.3394857768779294	6.0	0.9910491616605939	2.0	0.7469169644386283	3.0	1.0	1.0	0.6001915502276706	4.0	1.0	1.0	0.3350505207865628	6.0	0.6836945024737624	0.7353526266541721	0.26994983398030103	3.52	3.0	2.2718301259583917
CYTC_HUMAN	0.46760463966576293	3.0	0.6129934576176403	3.0	0.6855387788766619	2.0	0.49245955229833355	5.0	0.672484982710701	4.0	0.4610373547852033	4.0	0.8703230833807686	2.0	0.8004218138952328	4.0	0.554106199316777	4.0	1.0	1.0	0.47652848419942145	6.0	0.620038102475014	4.0	0.632773653928639	5.0	0.5682392932626662	4.0	0.4284724712156864	4.0	0.8160820416195087	2.0	0.8327473595720236	3.0	0.6869078326563285	3.0	0.6035226840632752	3.0	0.5577410349767673	4.0	0.5295668521056945	5.0	0.9311427218396321	2.0	0.7326374760560534	3.0	0.41388110139788137	3.0	0.5416716708181021	3.0	1.0	1.0	0.7933911009407478	3.0	0.73169775218851	2.0	0.6067029794148125	3.0	0.3526936296863087	5.0	0.5671670695232007	5.0	0.4324112978181463	3.0	0.6809431334716605	2.0	0.4787353664880323	6.0	0.6086640934736642	2.0	0.6812944292833029	3.0	0.6788137123076038	4.0	1.0	1.0	0.4783756031679449	4.0	0.3621552689870951	5.0	0.22295337152574507	7.0	0.5887779628148704	3.0	0.5976505870699819	3.0	0.43562877217168094	5.0	0.654145049654667	4.0	0.4728309550019283	4.0	0.7754264685464831	4.0	0.6057622642640124	4.0	0.6621749072083828	4.0	0.6129868233689617	2.0	0.49438233511872	3.0	1.0	1.0	1.0	1.0	0.828827752958038	3.0	0.5940950411360312	6.0	0.9176907815007416	3.0	0.7924065394759379	2.0	0.4483685143455378	5.0	1.0	1.0	1.0	1.0	1.0	1.0	0.6705649755598303	2.0	0.7065712535952595	3.0	0.7896910166043107	2.0	0.7214474661593293	4.0	0.5112180396594279	3.0	0.7506928465368428	3.0	0.7385217490829113	3.0	0.5723914557076026	4.0	0.974010391475469	2.0	0.5227774208239744	4.0	0.6852587271897599	3.0	0.2498459733571913	8.0	0.3361548026548238	7.0	0.809049833507065	4.0	0.6612629742393173	4.0	0.7003020608973979	3.0	0.8480846253952518	2.0	0.6101373213260689	4.0	0.51136283014465	5.0	0.670109357545477	4.0	0.6073570617582958	3.0	0.6583426352742742	3.0	0.5747317060363152	3.0	0.5325785790265409	5.0	0.49432139542007586	4.0	1.0	1.0	0.4392276289984433	4.0	0.3334252281742562	4.0	0.4993327628833091	4.0	0.4664849025190551	4.0	0.48224655660185034	5.0	1.0	1.0	0.6324429725881969	4.0	0.6208723646840223	4.0	0.9597315798844496	2.0	0.7335672106165851	3.0	0.7647741928515427	2.0	0.8321115057618081	2.0	0.9149640087447807	3.0	0.6573204361893227	0.6326083132584179	0.18953215225305195	3.37	3.0	1.4188841824589924
KLKB1_HUMAN	0.19968232071721123	5.0	0.6910581865705979	2.0	0.3692245455430493	7.0	0.2893608430884898	8.0	0.6739516167546041	3.0	1.0	1.0	0.7294851229759743	4.0	1.0	1.0	0.6493404468478503	3.0	0.49782714782160675	5.0	0.5227841998278575	4.0	0.3970559927756938	5.0	0.5722286562004342	6.0	0.3353806149830782	6.0	0.6250975663724496	2.0	0.44985967340547767	5.0	0.7455377231572479	5.0	0.5663147192113304	4.0	0.1735004157274999	8.0	0.8210212514320552	2.0	0.822803761482616	4.0	0.8058324043125685	4.0	0.6286027913553497	5.0	0.37426293536998284	4.0	0.47597267621088607	4.0	0.4781264303497538	5.0	1.0	1.0	0.4174752227807654	4.0	0.7106920805512383	2.0	0.5335186182290844	4.0	0.6516474452846687	3.0	0.5916295489067003	2.0	0.6193174225399918	3.0	0.5274257710654612	5.0	0.4938223216267946	4.0	0.33331892012012765	6.0	0.23537709824239172	7.0	0.972188297690851	2.0	0.5744323075291932	3.0	1.0	1.0	0.8022917889759392	3.0	0.8808627345211983	2.0	0.4861804652235962	4.0	0.6120501304395504	3.0	0.28461652182102193	5.0	0.6658987051734	3.0	1.0	1.0	0.8859943115636879	2.0	0.8774902401010938	3.0	0.5986240015486274	3.0	0.3578691449471248	6.0	0.5414829667306856	5.0	0.9791503896081464	2.0	1.0	1.0	0.9217328267685116	2.0	0.6745404569131584	4.0	0.2886016019226373	8.0	1.0	1.0	0.6079931131384482	5.0	0.41261741591542217	6.0	0.914373613768404	3.0	0.5821150815790952	3.0	0.5741436272052836	4.0	0.5019691592628432	5.0	0.274918651198412	7.0	0.47061604067347595	4.0	0.6469232958479667	4.0	0.3929285958997274	6.0	0.7507663510760184	3.0	1.0	1.0	0.6138853743279293	2.0	0.45728286267613993	5.0	0.2116332167706259	9.0	0.6991738283762666	2.0	0.8625584010120305	2.0	1.0	1.0	0.8723167750120995	2.0	0.6257904490200236	4.0	0.5280557354801038	5.0	0.6054819378774321	2.0	0.6947280062815863	3.0	0.3786772848402541	5.0	0.5484480656077919	5.0	0.1567830556446382	8.0	0.33274418988146165	6.0	0.77052582671472	2.0	0.8458645582051947	3.0	0.059051166254238265	8.0	0.10954553103907783	7.0	0.42498023908374505	5.0	0.454979246843037	6.0	0.611477704333461	3.0	0.5713570454937832	5.0	0.4801222571147918	5.0	0.1413030479777927	10.0	0.5671279785170803	5.0	0.4443457125019742	7.0	0.5565329591286646	5.0	0.6202102826183745	6.0	1.0	1.0	0.5978689106751872	0.5868723152428977	0.23916096896513075	4.07	4.0	2.0412661944899972
IBP3_HUMAN	0.45321225515003805	4.0	0.27889459222857	7.0	0.6658421936365961	3.0	0.4704407983977359	6.0	0.3798008041941639	7.0	0.338408283282818	5.0	0.6050165418252176	5.0	0.5834926680130906	5.0	0.4640807642164499	5.0	0.7530470833799168	2.0	0.5063420418575084	5.0	0.8378672906291506	3.0	1.0	1.0	0.6559214883295391	3.0	0.3784629505977505	6.0	0.6432500329959765	4.0	0.7851815353226188	4.0	0.46001614428443477	5.0	0.7379443647121969	2.0	0.41479520707672357	5.0	1.0	1.0	0.45180839800366246	9.0	0.6989044912897141	4.0	0.36358304310079576	5.0	0.21397906634170863	6.0	0.556350503326824	4.0	0.639565462424045	5.0	0.39421281350844023	5.0	0.5814192311872592	4.0	0.5590769377113494	3.0	0.6716029768042628	2.0	0.107385226614932	9.0	0.22096016865619428	7.0	0.679670851656936	3.0	0.43347403846448207	6.0	1.0	1.0	0.9070536217801582	3.0	0.785508794420868	5.0	0.3699133352487761	5.0	0.2126969474678012	7.0	0.729577248062516	4.0	0.3585872194753239	7.0	0.3568295560585564	6.0	0.6512832289335063	2.0	0.6739618952955108	3.0	0.35975879550961154	7.0	0.5451596943913141	5.0	0.3571296045697567	8.0	0.42663071725028856	5.0	0.28324226610516307	6.0	0.6778729292262967	2.0	0.7166815506158118	4.0	0.8081701943065727	4.0	0.38544598490419724	8.0	0.7200699584969595	4.0	0.19164412839387582	9.0	0.748514872568888	3.0	0.07104292796836266	8.0	0.7973664612697385	3.0	0.7212579637187637	3.0	0.6345473887586123	6.0	0.4371249579892512	7.0	0.5117993487236933	5.0	0.27225254120344705	8.0	1.0	1.0	0.42379854002099615	5.0	0.4847108281246395	5.0	0.5648716829713396	4.0	0.28269580779764986	6.0	0.8409167115473072	4.0	0.543850696570201	3.0	0.5363012511507577	4.0	0.6775824944919057	3.0	0.4458185702922352	3.0	1.0	1.0	0.33017157401558594	7.0	0.4851403239793366	5.0	0.24514023618518985	7.0	0.772584327090817	3.0	0.5548212494802439	3.0	0.33244890590018805	7.0	0.5478345857725834	4.0	0.538833519301798	6.0	0.9665458318274305	2.0	0.9868989804093278	2.0	0.38169592152710474	5.0	0.6236521596035552	5.0	1.0	1.0	0.8212288625716673	2.0	0.5644268989924208	3.0	0.45942228692025805	5.0	0.5702828906302477	4.0	0.7801290587477816	4.0	1.0	1.0	1.0	1.0	0.5110379280729735	6.0	0.4498982501808696	6.0	0.651353255672479	3.0	0.7151188522475768	5.0	0.25184277103134334	8.0	0.5703618963506253	0.555585876403534	0.2272501745716498	4.52	5.0	2.02249970346229
LBP_HUMAN	1.0	1.0	0.10176435490670137	8.0	0.6578402241104022	4.0	0.4943523149016916	4.0	0.5312215413648856	5.0	0.7320960968291511	3.0	0.3276636319993652	8.0	0.07745457639835283	9.0	0.32990281653428694	8.0	0.3072651301082846	7.0	0.5602978833698541	3.0	0.05576647569981334	9.0	0.8434649201842113	3.0	0.16876954827244048	7.0	0.4280545039753135	5.0	0.24162554410913673	7.0	0.8946211099783471	2.0	0.31177339008884486	7.0	0.4964634936052643	4.0	0.8070364747087153	3.0	0.227749876848116	8.0	0.6431395120853401	6.0	0.13573581567795986	9.0	0.34314922305869805	6.0	0.010195079280858946	10.0	0.25419501506662495	8.0	0.39605424330336597	7.0	0.03389221356755108	9.0	0.36513005009128	7.0	0.737661967595538	2.0	0.6427666175780395	4.0	0.3253202048973991	5.0	0.5569464553247622	5.0	0.4679948864558994	7.0	0.26379925884167277	8.0	0.42456708568873863	5.0	0.537760037755096	5.0	0.7144536635294619	6.0	0.6576561850701881	2.0	0.4112981829869608	4.0	0.30913521719814047	6.0	0.39886147727486265	6.0	0.32387723996782836	7.0	0.28601094756442363	6.0	0.17595683187556993	7.0	0.7070798806722258	2.0	0.8084998822107875	3.0	0.42081539798602485	6.0	0.06795664757317868	10.0	0.00461057891479532	10.0	0.20746623273624135	8.0	0.4961111312170937	6.0	0.6928257118258982	6.0	0.6285426326032472	5.0	0.8105508638687233	3.0	0.23100612278174892	8.0	1.0	1.0	0.6140994967129856	3.0	0.4436757430510847	6.0	0.5653904889209438	4.0	0.6922046646913365	5.0	1.0	1.0	0.39246955956625856	6.0	0.6952749965515581	4.0	0.43666682712058735	6.0	0.1769385391153536	8.0	0.4767900302932059	6.0	0.46098817575042733	5.0	0.026013613941782854	10.0	0.7850041772793139	5.0	0.49653180983205536	5.0	0.16218370050621564	8.0	1.0	1.0	0.3023958802446871	9.0	0.5754448344352263	6.0	0.7955397500628751	2.0	1.0	1.0	0.11256064909268808	9.0	0.17945329155876286	8.0	0.4153127846276097	6.0	0.12276090923127496	9.0	0.17414952311418516	8.0	0.5521854577013435	4.0	0.23907528267219605	7.0	0.7987684247727364	4.0	0.01108157085480142	9.0	0.3019444787805665	8.0	0.30865546008868555	6.0	0.12730397169994354	6.0	0.0421088663220407	10.0	0.5689397276924494	2.0	0.3987672608792652	6.0	0.925905128456115	2.0	0.9714206453466919	3.0	0.2958041958288947	6.0	0.43198834522604707	8.0	0.5036910218405245	4.0	0.263611453085829	7.0	0.725519064375044	4.0	0.6651470309047378	5.0	0.4531997323434773	0.42631079483202605	0.2695879250970263	5.72	6.0	2.412425745965662
VCAM1_HUMAN	0.16042088964829612	6.0	0.30760610448026066	6.0	0.21253659296357688	8.0	0.24050849309778288	9.0	0.018149462532201368	10.0	0.28242848967111	8.0	0.4476957349364823	6.0	0.22171058021975518	7.0	0.37222216879351067	7.0	0.3807725230206037	6.0	0.251630612253388	8.0	3.7064061027296006e-05	10.0	0.33190058988930643	7.0	0.05335270423994417	8.0	0.4510309456162324	3.0	0.1664099171329724	8.0	0.3191695617236336	9.0	0.07685860982636424	10.0	0.3441370657407714	6.0	0.20015427887998574	7.0	0.40627966372083324	7.0	0.6741269136810808	5.0	0.2859583029027098	7.0	0.42787700714799687	2.0	0.17630832191563242	7.0	0.4034358895148207	6.0	0.015357684827795513	10.0	0.25719230549623595	6.0	0.4425107221470916	6.0	0.24739447607736081	7.0	0.21534358332500322	8.0	0.37330840533331733	4.0	0.5654061978737971	4.0	0.5628914112006053	4.0	0.46383079338457966	5.0	0.2698977596642058	7.0	0.22332025399924937	8.0	0.24390994072982966	8.0	0.020257089892932217	10.0	0.14992882609685512	8.0	0.1166859342981229	10.0	0.3284160123849753	8.0	0.2004859190720756	9.0	0.16852361167629154	7.0	0.2543691488786773	6.0	0.41792090880230653	5.0	0.44926681240164584	9.0	0.43181317002536057	5.0	0.13366232831450417	7.0	0.3693762885900457	5.0	0.3803423785138496	5.0	0.3583221327980354	7.0	0.7539994936802645	5.0	0.4819160992013953	6.0	0.19830969084116157	9.0	0.48448625182365834	5.0	0.2014234667459926	10.0	0.1646698239295705	6.0	0.16160028505579654	8.0	0.02610875190261625	10.0	0.4341069519064555	8.0	0.2174976009931242	8.0	0.1990348230268811	8.0	0.7340799158428959	3.0	0.22315998921365265	9.0	0.3146781315556075	6.0	0.17255513633111264	8.0	0.285578367327627	8.0	0.4148138936708863	5.0	0.41632833491345966	7.0	0.2880310669546853	7.0	0.16160071195395673	9.0	0.40950851471785343	6.0	0.35570661008635923	6.0	0.286586285698872	9.0	0.32371469517007506	8.0	0.16083965501886194	8.0	0.39975632746962936	6.0	0.32297857443898803	7.0	0.316464870242526	7.0	0.3540460688691702	5.0	0.1767219782905469	7.0	0.23633952537103672	7.0	0.14910113063071972	9.0	0.2922257711771158	7.0	0.30001968228794196	6.0	0.4801871124639095	6.0	0.07961151431215735	7.0	0.03854339795014086	10.0	0.1763367836225145	8.0	0.4843058831878258	3.0	0.06348658581985384	10.0	0.0964375154069596	9.0	0.2435329048387266	7.0	0.21038225743540567	8.0	0.5705522547445472	4.0	0.45545348666825536	5.0	0.3010725241531051	6.0	0.07034740862915428	10.0	0.7231123498502481	4.0	0.29283803038838313	0.2857683351151684	0.16130859662351055	7.01	7.0	1.850443572266232
AACT_HUMAN	0.09815602890893586	8.0	0.011521023096919495	10.0	0.4068207026690516	6.0	0.5343105606499395	3.0	0.527792376008132	6.0	0.2879936624429886	7.0	0.13951190015703582	9.0	0.11685790990311402	8.0	0.38864119332785535	6.0	0.24485670189919387	8.0	0.014646652573445449	10.0	0.27961961757719167	6.0	0.05594503969521206	8.0	0.41543585950711254	5.0	0.2252816033862083	7.0	0.165609111278426	9.0	0.3523987941998373	8.0	0.22026604062838523	8.0	0.22232079076388123	7.0	0.028556516777960686	10.0	0.04444585628704848	9.0	0.2565465285361555	10.0	0.20933218370584328	8.0	0.1257933146692988	8.0	0.03684628538495078	9.0	0.3324784976815188	7.0	0.14358699727090837	9.0	0.19609974857500925	7.0	0.3102516525809275	8.0	0.21506946331715968	8.0	0.3616557046640451	6.0	0.2846574819174226	7.0	0.14100046180350018	9.0	0.08709751643333409	10.0	0.1829012367296437	10.0	0.22839179370032425	8.0	0.02746400202317592	10.0	0.16288889583667815	10.0	0.11133512883572527	8.0	0.125900103610751	9.0	0.2173591354093914	8.0	0.4547620472842733	5.0	0.18239476141911135	10.0	0.030516607678270215	10.0	0.046455840395470044	9.0	0.02361029196385455	10.0	0.10305037148483584	10.0	0.4154523047660609	7.0	0.0691962075753666	9.0	0.14548602237282796	7.0	0.3125493902850067	7.0	0.3268732790165257	8.0	0.449220657352323	8.0	0.23899844457469896	9.0	0.3308512293325497	8.0	0.2455000045347591	7.0	0.3177036289454526	7.0	0.5782670080508955	4.0	0.31608845848591965	7.0	0.38835976003006445	7.0	0.5075520755696602	7.0	0.47641504939711127	6.0	0.23012543204151634	7.0	0.28752639352943604	7.0	0.028951837072951805	10.0	0.29537660811087346	7.0	0.07339040241600141	10.0	0.012746842080586816	10.0	0.07079219518934744	9.0	0.2972162349019518	9.0	0.07281686630958047	8.0	0.3742785563338784	6.0	0.00714277488373863	10.0	0.32262905814016835	8.0	0.5389346938246276	7.0	0.24711033383238262	10.0	0.14164090489857475	9.0	0.5777790907278394	5.0	0.04922680242048916	10.0	0.24667153572159156	8.0	0.20981277023002531	8.0	0.10072746592642132	9.0	0.06332708246954062	10.0	0.4017672085748736	5.0	0.16505955925583973	8.0	0.14239839252350656	7.0	0.3311397024416153	7.0	0.0020181730954014765	10.0	0.14997700620559526	5.0	0.385665777977261	6.0	0.39574116265519543	8.0	0.14271285569064798	9.0	0.08371759815583917	10.0	0.18510885820887057	9.0	0.31094758350479784	5.0	0.12883288402197415	10.0	0.2510076205011115	9.0	0.21846564294814044	9.0	0.4066866932630019	7.0	0.19505397989041404	9.0	0.226414720949143	0.21791238917876593	0.1475428141774475	7.99	8.0	1.6048852188416984
APOM_HUMAN	0.11813013124113937	7.0	0.4279757678839868	5.0	0.20726318686710732	9.0	0.1483626515291534	10.0	0.0478140194365116	9.0	0.11783030997846934	9.0	0.43959460104914	7.0	0.5198624858350087	6.0	0.16339290624522873	10.0	0.12718337677708735	10.0	0.46877345433562395	7.0	0.238233521863732	8.0	0.05200087804095407	9.0	0.025133240569665347	10.0	0.21875434217626796	8.0	0.3167383818879779	6.0	0.13860818048784265	10.0	0.11228175290044023	9.0	0.05604010405166175	9.0	0.043147009454670794	9.0	0.508456822252103	6.0	0.4660371111481515	8.0	0.3909393624865892	6.0	0.02192725044624526	10.0	0.048624626347772065	8.0	0.15731014733793217	9.0	0.6081960782161293	6.0	0.12141279799039469	8.0	0.1491978190565642	10.0	0.047143453484212706	10.0	0.10919496207434667	10.0	0.04792763055212105	10.0	0.025935675632436175	10.0	0.19495972858996075	8.0	0.23576792982260075	9.0	0.12374008038636432	10.0	0.15834657172388472	9.0	0.21818499405598357	9.0	0.07117473648347522	9.0	0.4127831321157148	3.0	0.37391675432592403	5.0	0.16075104399424317	10.0	0.23634940434529983	8.0	0.14837017990698118	8.0	0.017437010933016205	10.0	0.21742967449770623	8.0	0.49107912183000657	6.0	0.03953609160284067	10.0	0.10722572667297152	8.0	0.10644002815811311	9.0	0.04275973222503826	9.0	0.09516812496102366	10.0	0.0514298966999429	9.0	0.13729812870409303	10.0	0.5664302520068064	7.0	0.32200630247475187	6.0	0.4617513744426835	6.0	0.07770751998506624	7.0	0.05826219252886291	9.0	0.18764897959970359	8.0	0.03717306597490307	10.0	0.03154937722616584	10.0	0.09869918885434367	10.0	0.044754614627968405	10.0	0.5625161588903597	5.0	0.0314673112066639	10.0	0.08406055261114527	9.0	0.07099902994054308	9.0	0.07905406782152545	8.0	0.37291117382623945	8.0	0.04824649425938501	10.0	0.0602829701615752	10.0	0.33775890799546904	7.0	0.3682919868061088	5.0	0.4584033689330736	8.0	0.24961260833241797	9.0	0.2699069879360281	7.0	0.1800017103632835	8.0	0.3564542335978099	6.0	0.07725074628019357	9.0	0.07697278724652103	10.0	0.24781656859873707	6.0	0.08928222016255669	9.0	0.3397640900186413	6.0	0.004058979597442521	10.0	0.10158081709046554	8.0	0.1412825010250729	10.0	0.36499310581618205	5.0	0.04291859624148349	9.0	0.16194871494252067	9.0	0.06986917122545065	10.0	0.15937340661084298	8.0	0.2310249005983017	7.0	0.22651934767869042	8.0	0.2082019677284007	9.0	0.4656419553170395	7.0	0.2703247772581188	8.0	0.2312568441548146	8.0	0.12171072904388666	9.0	0.13384120422341064	10.0	0.19511155992933507	0.1483664157180673	0.15385150597529182	8.32	9.0	1.6010097823662175
FGL1_HUMAN	0.09505418239874673	9.0	0.07131861654377795	9.0	0.014687460090008975	10.0	0.385457057781869	7.0	0.22935065130182153	8.0	0.07388441672390787	10.0	0.03319383120466914	10.0	0.06939681994695224	10.0	0.1989310243588936	9.0	0.1355954244557597	9.0	0.06329200413050895	9.0	0.25350643925888533	7.0	0.03361498966388793	10.0	0.034717930775593035	9.0	0.1236695994473113	9.0	0.03628133050150281	10.0	0.4121496631478558	7.0	0.3538035978412832	6.0	0.021697599066680166	10.0	0.05239629274814057	8.0	0.0018988498557591118	10.0	0.6424375403905571	7.0	0.10023586645139065	10.0	0.04844396770692585	9.0	0.46280937317246446	5.0	0.0654710501625265	10.0	0.1959214778093199	8.0	0.009344582069387503	10.0	0.2353617230615038	9.0	0.09579105041676111	9.0	0.1565403035966997	9.0	0.3201698341193498	6.0	0.2854803858551792	6.0	0.09030547149398893	9.0	0.2949795941447013	7.0	0.16051269135036572	9.0	0.34335953979494777	6.0	0.32960519046288755	7.0	0.18542975568357575	7.0	0.08908037868036293	10.0	0.12111820378183832	9.0	0.21654486727485311	9.0	0.42306202711598107	5.0	0.13940631919445926	9.0	0.1153915777020036	8.0	0.17392091015260147	9.0	0.4755807745288363	7.0	0.06886817647632867	9.0	0.25112905119577206	6.0	0.12134106778871771	8.0	0.0008017508751072165	10.0	0.1482711234430767	9.0	0.022929169548024365	10.0	0.4696773104303477	7.0	0.15794865903577895	10.0	0.14675954077492778	10.0	0.223706570227073	9.0	0.01661427773306755	10.0	0.018495548900127848	10.0	0.13665163715037004	9.0	0.24243204736375557	9.0	0.2059192880965104	9.0	0.1518729142150898	9.0	0.07877461736786308	9.0	0.22372659319289842	8.0	0.11523855153703781	9.0	0.2523978112678256	7.0	0.3041978795829137	7.0	0.14118498184167355	7.0	0.168504999702139	10.0	0.06523838095611996	9.0	0.27834334331691213	7.0	0.45475014663735375	4.0	0.09900508723921882	10.0	0.13027155278096045	10.0	0.4358653742754372	6.0	0.10740891916376827	10.0	0.03345162223107205	10.0	0.1568372727435266	9.0	0.03985275968778061	10.0	0.34944777653877046	6.0	0.003218645400566942	10.0	0.13193144386706362	8.0	0.12257676961148373	10.0	0.09530868476129077	9.0	0.008459412491351851	10.0	0.18291485914974986	9.0	0.031959136369296356	9.0	0.05733496920552685	8.0	0.18346089669253685	7.0	0.18073920427448545	9.0	0.26261711300190704	7.0	0.1601172626127905	8.0	0.041410290357677654	10.0	0.25160533820148806	7.0	0.24694610784615156	9.0	0.008055083974251054	10.0	0.07420881239823489	10.0	0.32069087507920496	8.0	0.25736593697032684	7.0	0.16909038883000022	0.14029565051806642	0.13230023010200767	8.52	9.0	1.4388547634500954
