sample,reachability,label
0,inf,0
1,2.036222501125294,0
2,1.809862779338712,0
3,1.809862779338712,0
4,1.809862779338712,0
5,1.647164207135581,0
6,1.647164207135581,0
7,1.647164207135581,0
8,1.647164207135581,0
9,1.647164207135581,0
10,1.647164207135581,0
11,1.647164207135581,0
12,1.653396038406988,0
13,1.680231763012653,0
14,1.696584245268673,0
15,1.696584245268673,0
16,1.568724945710428,0
17,1.568724945710428,0
18,1.568724945710428,0
19,1.568724945710428,0
20,1.51678207988632,0
21,1.51678207988632,0
22,1.51678207988632,0
23,1.246735580270759,0
24,1.194487464024835,0
25,1.194487464024835,0
26,1.194487464024835,0
27,1.194487464024835,0
28,1.194487464024835,0
29,1.194487464024835,0
30,1.194487464024835,0
31,1.194487464024835,0
32,1.215427010802472,0
33,1.215427010802472,0
34,1.215427010802472,0
35,1.215427010802472,0
36,1.215427010802472,0
37,1.215427010802472,0
38,1.221675638165295,0
39,1.222305999021764,0
40,1.222305999021764,0
41,1.222305999021764,0
42,1.222305999021764,0
43,1.227499631662628,0
44,1.242121041093966,0
45,1.242121041093966,0
46,1.242121041093966,0
47,1.242121041093966,0
48,1.242121041093966,0
49,1.242121041093966,0
50,1.242121041093966,0
51,1.248478627462929,0
52,1.269098266704706,0
53,1.269098266704706,0
54,1.269098266704706,0
55,1.269098266704706,0
56,1.269098266704706,0
57,1.270303680531945,0
58,1.274058089235572,0
59,1.286105996579108,0
60,1.286105996579108,0
61,1.288670083734252,0
62,1.288700824013988,0
63,1.290262901156532,0
64,1.299166747840953,0
65,1.301006105093676,0
66,1.306854067390206,0
67,1.310377164210978,0
68,1.313806628491501,0
69,1.313806628491501,0
70,1.31431434632536,0
71,1.31431434632536,0
72,1.31515329844593,0
73,1.317146925443674,0
74,1.32738307869729,0
75,1.337476730633458,0
76,1.340513930379327,0
77,1.347577298887208,0
78,1.347577298887208,0
79,1.355892682953083,0
80,1.36084481476805,0
81,1.371297981934622,0
82,1.372864231702158,0
83,1.372864231702158,0
84,1.372864231702158,0
85,1.372864231702158,0
86,1.372864231702158,0
87,1.372864231702158,0
88,1.374738177779465,0
89,1.380023917902816,0
90,1.384512099581214,0
91,1.387460418896547,0
92,1.387578942483864,0
93,1.388167521620208,0
94,1.392903159454889,0
95,1.392903159454889,0
96,1.392903159454889,0
97,1.392903159454889,0
98,1.394273794638817,0
99,1.399524918183891,0
100,1.400618698697051,0
101,1.401333989263676,0
102,1.402162253165716,0
103,1.402162253165716,0
104,1.402257054467442,0
105,1.40468292511011,0
106,1.404889730528883,0
107,1.407923475270539,0
108,1.412727453390474,0
109,1.419063563051364,0
110,1.419683621525902,0
111,1.427293806655004,0
112,1.427293806655004,0
113,1.427293806655004,0
114,1.427293806655004,0
115,1.427798120477188,0
116,1.427870388243134,0
117,1.428574449453758,0
118,1.434266024196094,0
119,1.435018866979374,0
120,1.435018866979374,0
121,1.435018866979374,0
122,1.435018866979374,0
123,1.435018866979374,0
124,1.435018866979374,0
125,1.435018866979374,0
126,1.43957513011226,0
127,1.440047393693655,0
128,1.450739316052401,0
129,1.451067712231392,0
130,1.451448993656117,0
131,1.453293112032037,0
132,1.455871479100454,0
133,1.456565794371171,0
134,1.456565794371171,0
135,1.457872430238789,0
136,1.459440536859852,0
137,1.459440536859852,0
138,1.462449260074258,0
139,1.463840390293894,0
140,1.465404536520816,0
141,1.466599011680752,0
142,1.466599011680752,0
143,1.468396609133423,0
144,1.46917577877204,0
145,1.469853516282204,0
146,1.473486112710304,0
147,1.473926151598383,0
148,1.475764332385057,0
149,1.475764332385057,0
150,1.475786909767033,0
151,1.475786909767033,0
152,1.475786909767033,0
153,1.475786909767033,0
154,1.475786909767033,0
155,1.476314117175902,0
156,1.478705056759052,0
157,1.47915736967612,0
158,1.480076314099386,0
159,1.481872556114162,0
160,1.483743232639299,0
161,1.485355053295022,0
162,1.488335708526018,0
163,1.490046204468298,0
164,1.490046204468298,0
165,1.490046204468298,0
166,1.490247337992382,0
167,1.492445114295446,0
168,1.493405823266487,0
169,1.493577045086142,0
170,1.493577045086142,0
171,1.493577045086142,0
172,1.494893551457601,0
173,1.495465375404653,0
174,1.496782824058054,0
175,1.496782824058054,0
176,1.499133749350034,0
177,1.500479944597481,0
178,1.508121633075307,0
179,1.509130511273638,0
180,1.510030211756752,0
181,1.511953032731364,0
182,1.511953032731364,0
183,1.512165092036261,0
184,1.512165092036261,0
185,1.516658930193586,0
186,1.51752055053236,0
187,1.518636952890149,0
188,1.518636952890149,0
189,1.519045526861006,0
190,1.519196086329423,0
191,1.521772521745361,0
192,1.524904705073082,0
193,1.527568547175951,0
194,1.530397786799054,0
195,1.533134402387409,0
196,1.536237961350517,0
197,1.540017489767202,0
198,1.541666584791767,0
199,1.541666584791767,0
200,1.541666584791767,0
201,1.54245778952419,0
202,1.543289101010242,0
203,1.548482015380109,0
204,1.549067091080418,0
205,1.55055759481477,0
206,1.550700228647608,0
207,1.552996410491659,0
208,1.552996410491659,0
209,1.552996410491659,0
210,1.553688051303694,0
211,1.55737461277028,0
212,1.558213238848981,0
213,1.558213238848981,0
214,1.558213238848981,0
215,1.558213238848981,0
216,1.558213238848981,0
217,1.558623783891658,0
218,1.559188027592915,0
219,1.559188027592915,0
220,1.559188027592915,0
221,1.559529729017706,0
222,1.560997155446008,0
223,1.56252400265716,0
224,1.56252400265716,0
225,1.56252400265716,0
226,1.562578685704646,0
227,1.562578685704646,0
228,1.563440996137872,0
229,1.564697730495986,0
230,1.564697730495986,0
231,1.564697730495986,0
232,1.564697730495986,0
233,1.567835685080538,0
234,1.568724945710428,0
235,1.568724945710428,0
236,1.568724945710428,0
237,1.571878340898333,0
238,1.572273464199495,0
239,1.573494747093696,0
240,1.573934973166767,0
241,1.575456180581632,0
242,1.576209608672507,0
243,1.576209608672507,0
244,1.576735062526568,0
245,1.578052481592604,0
246,1.57994441005766,0
247,1.580823010443836,0
248,1.581899565145098,0
249,1.58250303091923,0
250,1.58583262177808,0
251,1.58648453761147,0
252,1.58648453761147,0
253,1.58648453761147,0
254,1.590278192243645,0
255,1.590430585744483,0
256,1.590695915406592,0
257,1.590939407752496,0
258,1.591983958759822,0
259,1.592021909381304,0
260,1.592021909381304,0
261,1.592021909381304,0
262,1.592021909381304,0
263,1.592392631328234,0
264,1.582780804138538,0
265,1.582780804138538,0
266,1.582780804138538,0
267,1.582780804138538,0
268,1.594520671285544,0
269,1.595195399919058,0
270,1.595518606279398,0
271,1.595518606279398,0
272,1.595957171865327,0
273,1.597081267580389,0
274,1.599011132341046,0
275,1.59970902090774,0
276,1.602391498509249,0
277,1.60407690193835,0
278,1.604743167823147,0
279,1.605800699499856,0
280,1.607088638032622,0
281,1.607198404557066,0
282,1.609181984593322,0
283,1.610117190837154,0
284,1.610117190837154,0
285,1.610117190837154,0
286,1.610117190837154,0
287,1.610595346491984,0
288,1.614920104921674,0
289,1.615009542714348,0
290,1.615009542714348,0
291,1.615009542714348,0
292,1.616699671271626,0
293,1.617597942957184,0
294,1.61760294016146,0
295,1.619319883494325,0
296,1.619344835535318,0
297,1.619654847103422,0
298,1.619654847103422,0
299,1.619983241988402,0
300,1.621697965816694,0
301,1.62320789460938,0
302,1.624028212144738,0
303,1.624028212144738,0
304,1.628535173448055,0
305,1.628535173448055,0
306,1.628535173448055,0
307,1.631473304505351,0
308,1.631719510849401,0
309,1.632197862109806,0
310,1.632197862109806,0
311,1.633845496745577,0
312,1.633845496745577,0
313,1.633845496745577,0
314,1.63406141584992,0
315,1.634268397289828,0
316,1.634268397289828,0
317,1.634268397289828,0
318,1.634268397289828,0
319,1.634268397289828,0
320,1.635943695210526,0
321,1.63679086576958,0
322,1.639716810579428,0
323,1.640937790344594,0
324,1.640937790344594,0
325,1.6434847270467,0
326,1.644891269226692,0
327,1.644891269226692,0
328,1.644891269226692,0
329,1.647273885684562,0
330,1.647629448531256,0
331,1.649198797985646,0
332,1.650179112846405,0
333,1.650927406395926,0
334,1.650927406395926,0
335,1.650964924072374,0
336,1.65392780047236,0
337,1.65392780047236,0
338,1.654738275537228,0
339,1.655109545772704,0
340,1.655109545772704,0
341,1.655109545772704,0
342,1.656252076720884,0
343,1.657730804131768,0
344,1.657822591799308,0
345,1.657822591799308,0
346,1.658434400732526,0
347,1.658434400732526,0
348,1.65893989956527,0
349,1.659820563702785,0
350,1.659820563702785,0
351,1.661184776055942,0
352,1.662302881981308,0
353,1.662594185903186,0
354,1.665905142320742,0
355,1.668679776377646,0
356,1.66882478032609,0
357,1.669057931192964,0
358,1.669057931192964,0
359,1.669957173651178,0
360,1.67061477889242,0
361,1.672008918343965,0
362,1.672652707288215,0
363,1.673393906575187,0
364,1.674243972552439,0
365,1.674474796830382,0
366,1.675178773121094,0
367,1.675178773121094,0
368,1.675178773121094,0
369,1.675178773121094,0
370,1.675178773121094,0
371,1.675178773121094,0
372,1.675178773121094,0
373,1.64511986193262,0
374,1.64511986193262,0
375,1.64511986193262,0
376,1.64511986193262,0
377,1.64511986193262,0
378,1.649289995660495,0
379,1.676446961370709,0
380,1.676446961370709,0
381,1.67928075777552,0
382,1.679454119482047,0
383,1.679454119482047,0
384,1.679583563704407,0
385,1.680425345000361,0
386,1.681029365296922,0
387,1.681659540380858,0
388,1.682077851939119,0
389,1.684337411489082,0
390,1.684337411489082,0
391,1.684757412381608,0
392,1.685537037893623,0
393,1.687554874442352,0
394,1.687748384684508,0
395,1.687964524404386,0
396,1.687964524404386,0
397,1.690621036850893,0
398,1.690855743210977,0
399,1.692028864412546,0
400,1.692233511871791,0
401,1.694544110775075,0
402,1.695219627726458,0
403,1.695880499995257,0
404,1.696584245268673,0
405,1.697793628357431,0
406,1.698249684456249,0
407,1.699884646212592,0
408,1.700263048897549,0
409,1.700334417269957,0
410,1.700595556783615,0
411,1.700596761566599,0
412,1.7022943437599,0
413,1.70520948328067,0
414,1.70747209627811,0
415,1.707634193475664,0
416,1.707634193475664,0
417,1.709018399572187,0
418,1.711345131892726,0
419,1.711345131892726,0
420,1.714175226507981,0
421,1.714175226507981,0
422,1.714175226507981,0
423,1.714175226507981,0
424,1.714175226507981,0
425,1.715819913749967,0
426,1.71890863718668,0
427,1.719938847571512,0
428,1.720179248563668,0
429,1.720179248563668,0
430,1.720179248563668,0
431,1.720210081767143,0
432,1.720210081767143,0
433,1.720384850249766,0
434,1.722153979720365,0
435,1.72248269624641,0
436,1.722864397473695,0
437,1.725310750564487,0
438,1.725783558139136,0
439,1.725862790791142,0
440,1.72643203655476,0
441,1.727396444726166,0
442,1.728020106788137,0
443,1.728793871344127,0
444,1.729374728844152,0
445,1.729374728844152,0
446,1.730110578522688,0
447,1.731442009973026,0
448,1.731442009973026,0
449,1.732503037889968,0
450,1.732959040544102,0
451,1.732959040544102,0
452,1.733080958944396,0
453,1.73445345793327,0
454,1.736380116874424,0
455,1.736380116874424,0
456,1.738410322904418,0
457,1.738815819238524,0
458,1.739202064706218,0
459,1.739202064706218,0
460,1.739202064706218,0
461,1.739202064706218,0
462,1.739248536890127,0
463,1.73940073422863,0
464,1.739743500528518,0
465,1.739962824830938,0
466,1.740206535367994,0
467,1.740206535367994,0
468,1.740558229578691,0
469,1.7414198241222,0
470,1.741876467120844,0
471,1.741876467120844,0
472,1.741876467120844,0
473,1.742298227541347,0
474,1.742939105782946,0
475,1.743102164020612,0
476,1.743102164020612,0
477,1.743400503313422,0
478,1.744011513615392,0
479,1.744011513615392,0
480,1.744459336729439,0
481,1.744544920699154,0
482,1.744544920699154,0
483,1.744544920699154,0
484,1.74562554102886,0
485,1.746442113314082,0
486,1.746442113314082,0
487,1.749711997079706,0
488,1.749804134022807,0
489,1.75239595940084,0
490,1.752422578769287,0
491,1.755214898346321,0
492,1.755676955044195,0
493,1.755755428729846,0
494,1.756539496692352,0
495,1.757564907422604,0
496,1.75838522479462,0
497,1.758601010766495,0
498,1.759255753907799,0
499,1.759918767218464,0
500,1.76100248964558,0
501,1.76100248964558,0
502,1.76100248964558,0
503,1.76245840074563,0
504,1.76245840074563,0
505,1.762664471658397,0
506,1.762664471658397,0
507,1.763218857824928,0
508,1.763218857824928,0
509,1.763218857824928,0
510,1.763218857824928,0
511,1.76507562262075,0
512,1.767488165511749,0
513,1.769404164001367,0
514,1.769783289741129,0
515,1.770124287979504,0
516,1.770990382930127,0
517,1.771785779015,0
518,1.772023171646724,0
519,1.773128616376184,0
520,1.773793222012055,0
521,1.773995575553433,0
522,1.774306767745311,0
523,1.774588504421333,0
524,1.775181087096114,0
525,1.77622787578872,0
526,1.77622787578872,0
527,1.77751382545134,0
528,1.777917763116712,0
529,1.778208828258526,0
530,1.778784240019215,0
531,1.778784240019215,0
532,1.779532653179244,0
533,1.781122908216642,0
534,1.781156964000914,0
535,1.781520951704159,0
536,1.781520951704159,0
537,1.781520951704159,0
538,1.78286070432733,0
539,1.78465431649441,0
540,1.784857223960206,0
541,1.78530967822396,0
542,1.786152067198616,0
543,1.786432380108324,0
544,1.78657235748556,0
545,1.78657235748556,0
546,1.787248815120494,0
547,1.788924066770171,0
548,1.74417782582027,0
549,1.74417782582027,0
550,1.74417782582027,0
551,1.74417782582027,0
552,1.790172519716006,0
553,1.791033506302226,0
554,1.791033506302226,0
555,1.791957036415401,0
556,1.793165850952037,0
557,1.793165850952037,0
558,1.793514776494098,0
559,1.793514776494098,0
560,1.794577407745826,0
561,1.794577407745826,0
562,1.794577407745826,0
563,1.795776673725314,0
564,1.799853992901812,0
565,1.799972583956648,0
566,1.800816648199281,0
567,1.802701568286407,0
568,1.802701568286407,0
569,1.804080567577792,0
570,1.804726970588314,0
571,1.804953776342348,0
572,1.805174889058402,0
573,1.805656703077579,0
574,1.806948666579621,0
575,1.807198369357462,0
576,1.807575418773682,0
577,1.808220535904948,0
578,1.809662229679944,0
579,1.809965785686694,0
580,1.812455386608257,0
581,1.813521419881362,0
582,1.813521419881362,0
583,1.813521419881362,0
584,1.813521419881362,0
585,1.813661769447455,0
586,1.816470690739859,0
587,1.81660937239137,0
588,1.817963867015208,0
589,1.817963867015208,0
590,1.818221827530862,0
591,1.818221827530862,0
592,1.8190779461083,0
593,1.819153766063966,0
594,1.822001125783857,0
595,1.823371556088162,0
596,1.824265920784022,0
597,1.824901945984031,0
598,1.824947215283191,0
599,1.825854416972801,0
600,1.827909093226212,0
601,1.828127753080174,0
602,1.828220864544222,0
603,1.82865770227411,0
604,1.831442912255254,0
605,1.831458647399806,0
606,1.832543735225831,0
607,1.832543735225831,0
608,1.832820324322665,0
609,1.834254405213084,0
610,1.834787632430302,0
611,1.835004579161031,0
612,1.835013490339606,0
613,1.836660884138418,0
614,1.837330480822386,0
615,1.838714110502052,0
616,1.839893483846072,0
617,1.840062267141839,0
618,1.840461474933622,0
619,1.840495184237303,0
620,1.84389144922355,0
621,1.844012301892973,0
622,1.84472202358135,0
623,1.845220037019652,0
624,1.845909165065162,0
625,1.846222572927405,0
626,1.846508328603035,0
627,1.846539515556013,0
628,1.846975830841324,0
629,1.848182278792898,0
630,1.848890772694761,0
631,1.851388022649842,0
632,1.853189786755718,0
633,1.853189786755718,0
634,1.856010214345552,0
635,1.857265914611464,0
636,1.85806601716187,0
637,1.858239369932281,0
638,1.858639682481052,0
639,1.85895243169359,0
640,1.862212144129572,0
641,1.863785722166123,0
642,1.864811531423021,0
643,1.865034187195033,0
644,1.866411883523189,0
645,1.866446432497935,0
646,1.866446432497935,0
647,1.866971191962067,0
648,1.867266169265054,0
649,1.867931575009656,0
650,1.867931575009656,0
651,1.869441130392768,0
652,1.869441130392768,0
653,1.869836731981693,0
654,1.870025660580667,0
655,1.870477672117825,0
656,1.870803554643106,0
657,1.870803554643106,0
658,1.870803554643106,0
659,1.870803554643106,0
660,1.871931132977664,0
661,1.872165132086747,0
662,1.8734209680628,0
663,1.874176661377544,0
664,1.874329609403007,0
665,1.874717833668178,0
666,1.875104874013668,0
667,1.87522533201946,0
668,1.87638524100493,0
669,1.87638524100493,0
670,1.876490457950118,0
671,1.877720823198842,0
672,1.877720823198842,0
673,1.877845380358658,0
674,1.878312853887494,0
675,1.878312853887494,0
676,1.882133902676302,0
677,1.883474677635748,0
678,1.883474677635748,0
679,1.88358841723926,0
680,1.88358841723926,0
681,1.88358841723926,0
682,1.883635349166518,0
683,1.883899247390528,0
684,1.884736085951494,0
685,1.884828835263682,0
686,1.888057982482548,0
687,1.890165146550639,0
688,1.890817625133717,0
689,1.891628470481311,0
690,1.891919306603226,0
691,1.892137530923642,0
692,1.89278214535994,0
693,1.893455810967422,0
694,1.893455810967422,0
695,1.89487010244942,0
696,1.89487010244942,0
697,1.894926050869071,0
698,1.895200323439898,0
699,1.896243854454972,0
700,1.8965154459456,0
701,1.896597280195647,0
702,1.896597280195647,0
703,1.89830434151246,0
704,1.899440902175361,0
705,1.900128892590023,0
706,1.901996082358352,0
707,1.903138779727891,0
708,1.903411810790301,0
709,1.903537807700812,0
710,1.906195908025493,0
711,1.907588773668933,0
712,1.907588773668933,0
713,1.908770431002164,0
714,1.911504548816936,0
715,1.913218165146837,0
716,1.913218165146837,0
717,1.915713699021982,0
718,1.915824080319756,0
719,1.915824080319756,0
720,1.91753234969315,0
721,1.91753234969315,0
722,1.920040264570786,0
723,1.920656211078351,0
724,1.921633082287242,0
725,1.921822624631054,0
726,1.92214659389503,0
727,1.922533677253229,0
728,1.924170329625169,0
729,1.92686651571319,0
730,1.92686651571319,0
731,1.929777507492396,0
732,1.930452686128648,0
733,1.93218124817951,0
734,1.932264817596359,0
735,1.932690095293473,0
736,1.932992290965531,0
737,1.933904656894092,0
738,1.934051148760309,0
739,1.934941967743272,0
740,1.936318935271296,0
741,1.936502236082459,0
742,1.936502236082459,0
743,1.937257906890992,0
744,1.937257906890992,0
745,1.937915827127384,0
746,1.940462744832692,0
747,1.940527904944921,0
748,1.940527904944921,0
749,1.94107748651301,0
750,1.941899888486946,0
751,1.942010797813361,0
752,1.949002112498669,0
753,1.949515447373666,0
754,1.94988185262344,0
755,1.955700206134243,0
756,1.956283623191127,0
757,1.956354042525388,0
758,1.957266729727183,0
759,1.957862459570415,0
760,1.958288606554405,0
761,1.958288606554405,0
762,1.958602478320097,0
763,1.960455309590021,0
764,1.960479851041278,0
765,1.961375484480777,0
766,1.964024414987256,0
767,1.964972574207846,0
768,1.964972574207846,0
769,1.966421196040779,0
770,1.968263699122877,0
771,1.968901367888307,0
772,1.969485573912948,0
773,1.971182060394396,0
774,1.971549436765803,0
775,1.971549436765803,0
776,1.971549436765803,0
777,1.971549436765803,0
778,1.97157020403606,0
779,1.972047221223773,0
780,1.972817414292165,0
781,1.973507358408998,0
782,1.973539191868092,0
783,1.976134220645386,0
784,1.976143379018674,0
785,1.976143379018674,0
786,1.97856882200181,0
787,1.97914434903115,0
788,1.979354948630446,0
789,1.979354948630446,0
790,1.980473478009773,0
791,1.980766087494506,0
792,1.982252802414282,0
793,1.982991395529056,0
794,1.984393305462917,0
795,1.984573475505084,0
796,1.985105471466164,0
797,1.985609197012228,0
798,1.986491821498911,0
799,1.986491821498911,0
800,1.986838663843957,0
801,1.989194615389697,0
802,1.991229197164816,0
803,1.991451938206518,0
804,1.991457259554304,0
805,1.991461851427206,0
806,1.994573154141523,0
807,1.997342285558413,0
808,1.997366438575648,0
809,1.998259313244849,0
810,1.998955452499009,0
811,1.99925135358016,0
812,2.001033382166504,0
813,2.001494817866625,0
814,2.002598730223024,0
815,2.003575530041284,0
816,2.004367555192146,0
817,2.005796975547257,0
818,2.005857642820125,0
819,2.005857642820125,0
820,2.00656428420379,0
821,2.00763914129106,0
822,2.008329866569044,0
823,2.008329866569044,0
824,2.00910219691364,0
825,2.010053913848372,0
826,2.01066406257219,0
827,2.010779702046809,0
828,2.010779702046809,0
829,2.010779702046809,0
830,2.010779702046809,0
831,2.011035463159924,0
832,2.011478829204336,0
833,2.011826780323495,0
834,2.012878814648176,0
835,2.013156412282901,0
836,2.013156412282901,0
837,2.016820104214411,0
838,2.017301564472224,0
839,2.019137219330515,0
840,2.019400791486422,0
841,2.02091485128469,0
842,2.021681960980621,0
843,2.021681960980621,0
844,2.022807370427514,0
845,2.027641944083659,0
846,2.028504567865888,0
847,2.028814711182502,0
848,2.029531951805107,0
849,2.032026839639038,0
850,2.032724449350822,0
851,2.033487075289125,0
852,2.034364354271219,0
853,2.035530457602363,0
854,2.036246381920305,0
855,2.036246381920305,0
856,2.037755764368996,0
857,2.038488916724512,0
858,2.038488916724512,0
859,2.038488916724512,0
860,2.038729559368493,0
861,2.03878928695927,0
862,2.041380235262034,0
863,2.042096205115618,0
864,2.042791405188268,0
865,2.043175231501143,0
866,2.043266472695893,0
867,2.043424450795396,0
868,2.044828918359726,0
869,2.046162465510507,0
870,2.046754229017689,0
871,2.047556563558891,0
872,2.049723817830476,0
873,2.051868435471424,0
874,2.052053533979174,0
875,2.0521558763921,0
876,2.055364530458721,0
877,2.055864207905242,0
878,2.0597809254212,0
879,2.0597809254212,0
880,2.060000397847095,0
881,2.060629984226058,0
882,2.061634016405883,0
883,2.061634016405883,0
884,2.061634016405883,0
885,2.062057054461073,0
886,2.076588123001867,0
887,2.07763291442138,0
888,2.07997230091539,0
889,2.080524478325444,0
890,2.081260349154175,0
891,2.087229014381068,0
892,2.089474654997813,0
893,2.09001305469624,0
894,2.095579944203214,0
895,2.095863744520594,0
896,2.098285047081536,0
897,2.101541669976764,0
898,2.102153170381222,0
899,2.102932178293167,0
900,2.102932178293167,0
901,2.105284982785994,0
902,2.105841435987588,0
903,2.107965691055606,0
904,2.10848413189741,0
905,2.109214708905052,0
906,2.11201690004693,0
907,2.112243705895367,0
908,2.112397518471112,0
909,2.114302633094239,0
910,2.115940038242902,0
911,2.116158148824134,0
912,2.116409755141558,0
913,2.116986316353797,0
914,2.11710571473655,0
915,2.120143135059447,0
916,2.122169757038342,0
917,2.123297680406685,0
918,2.123679617801902,0
919,2.124462464503747,0
920,2.128766149709162,0
921,2.128961174489269,0
922,2.131496311956466,0
923,2.132073233554288,0
924,2.134437003638085,0
925,2.135414755355686,0
926,2.137995179620578,0
927,2.138431603963287,0
928,2.140127128408208,0
929,2.140127128408208,0
930,2.140127128408208,0
931,2.145484993594604,0
932,2.148852036802853,0
933,2.150000514692506,0
934,2.150803400498746,0
935,2.151081418703841,0
936,2.153384963450897,0
937,2.153384963450897,0
938,2.154498453548067,0
939,2.15546251082351,0
940,2.155590197791018,0
941,2.156548234282761,0
942,2.156888039783993,0
943,2.158056420746082,0
944,2.163880102851101,0
945,2.168370050927021,0
946,2.169393831911148,0
947,2.169393831911148,0
948,2.171761178544343,0
949,2.172911134056995,0
950,2.173920890180694,0
951,2.174008585536239,0
952,2.174024489324893,0
953,2.17467070150963,0
954,2.175315367395191,0
955,2.175567077325511,0
956,2.175854179398475,0
957,2.177367646300306,0
958,2.178133558825734,0
959,2.178294923700545,0
960,2.17923613158125,0
961,2.181646890625354,0
962,2.181736312418638,0
963,2.183002285976102,0
964,2.183002285976102,0
965,2.183002285976102,0
966,2.184402169969264,0
967,2.189612763193583,0
968,2.190273706995643,0
969,2.190273706995643,0
970,2.190634782607323,0
971,2.190634782607323,0
972,2.191774135006416,0
973,2.192699429652059,0
974,2.195061033610529,0
975,2.196116499942337,0
976,2.202020655675422,0
977,2.202694420467177,0
978,2.202696988260787,0
979,2.202696988260787,0
980,2.202917770772928,0
981,2.202917770772928,0
982,2.206172979683571,0
983,2.208173777368508,0
984,2.208315098220405,0
985,2.208322685291731,0
986,2.20873621001482,0
987,2.209047366818871,0
988,2.210432049522303,0
989,2.210679642318374,0
990,2.210852853322877,0
991,2.211184166837504,0
992,2.212849241620015,0
993,2.212893353701272,0
994,2.214367746941516,0
995,2.215772627369344,0
996,2.217267539923596,0
997,2.217493983994184,0
998,2.218018245953217,0
999,2.21826185752313,0
1000,2.219666826807158,0
1001,2.220460778058207,0
1002,2.220771210295936,0
1003,2.220827427472568,0
1004,2.220827427472568,0
1005,2.220827427472568,0
1006,2.220827427472568,0
1007,2.220827427472568,0
1008,2.220827427472568,0
1009,2.222335756853762,0
1010,2.223680199874883,0
1011,2.224212135638994,0
1012,2.228230481320456,0
1013,2.230321812671237,0
1014,2.230619010205604,0
1015,2.231520084678679,0
1016,2.232113067764835,0
1017,2.232113067764835,0
1018,2.232219980071839,0
1019,2.233176492834879,0
1020,2.235320003426792,0
1021,2.238129137688583,0
1022,2.238129137688583,0
1023,2.23831225149133,0
1024,2.239866098358915,0
1025,2.240338087601946,0
1026,2.240338087601946,0
1027,2.24141593293625,0
1028,2.24239738421292,0
1029,2.243803858664761,0
1030,2.246486328250772,0
1031,2.249792078332284,0
1032,2.251496912271016,0
1033,2.254014423439384,0
1034,2.254912175284026,0
1035,2.255503306573064,0
1036,2.255581458412314,0
1037,2.256224467469605,0
1038,2.256382447529345,0
1039,2.257200127197158,0
1040,2.257594528606723,0
1041,2.259233332231566,0
1042,2.260616502388946,0
1043,2.26279049368575,0
1044,2.264963365598205,0
1045,2.267266775697348,0
1046,2.2705648685778,0
1047,2.270941254065018,0
1048,2.271101386693886,0
1049,2.272423386644998,0
1050,2.274230024329918,0
1051,2.275837388167888,0
1052,2.279263222432532,0
1053,2.280138219945944,0
1054,2.281031528444636,0
1055,2.284112409226702,0
1056,2.284448967284396,0
1057,2.289385675892462,0
1058,2.290730589220902,0
1059,2.29635375577251,0
1060,2.300899929533612,0
1061,2.303818900584353,0
1062,2.304519943575864,0
1063,2.305359912386826,0
1064,2.309966442704476,0
1065,2.314661711042908,0
1066,2.315536486805924,0
1067,2.318707657445492,0
1068,2.319490977653573,0
1069,2.321504139668659,0
1070,2.327720322820608,0
1071,2.327720322820608,0
1072,2.332809199777112,0
1073,2.332809199777112,0
1074,2.332809199777112,0
1075,2.337612293836658,0
1076,2.339967808094706,0
1077,2.340264332949334,0
1078,2.340778723236522,0
1079,2.340778723236522,0
1080,2.342154870800496,0
1081,2.344210090792724,0
1082,2.345554715761086,0
1083,2.349105212658352,0
1084,2.350298817352628,0
1085,2.352532387932381,0
1086,2.358870934667748,0
1087,2.35902204043341,0
1088,2.35902204043341,0
1089,2.362132016247302,0
1090,2.364088823292362,0
1091,2.364205441260756,0
1092,2.365260941075106,0
1093,2.36697631703188,0
1094,2.36697631703188,0
1095,2.37105454460742,0
1096,2.373491275865148,0
1097,2.377674018919116,0
1098,2.378929194041491,0
1099,2.389552238851807,0
1100,2.394012201479609,0
1101,2.394781933539144,0
1102,2.402152713528767,0
1103,2.402732894778522,0
1104,2.402973221500132,0
1105,2.402973221500132,0
1106,2.40440945244821,0
1107,2.408304195466596,0
1108,2.410867939765563,0
1109,2.413140844944176,0
1110,2.413932259257806,0
1111,2.414595515642973,0
1112,2.416656612056506,0
1113,2.416656612056506,0
1114,2.422905827506932,0
1115,2.42496340450128,0
1116,2.428690989676167,0
1117,2.429082925214348,0
1118,2.435294180512923,0
1119,2.440681507346808,0
1120,2.441314201009788,0
1121,2.443246740092198,0
1122,2.448899796061987,0
1123,2.451000565537888,0
1124,2.451762279940467,0
1125,2.453480506671154,0
1126,2.456624739212,0
1127,2.457558193967343,0
1128,2.458687683710654,0
1129,2.460475730480116,0
1130,2.461044287034106,0
1131,2.463494309898153,0
1132,2.468635921578146,0
1133,2.469162078354818,0
1134,2.471054609793107,0
1135,2.475631707691194,0
1136,2.478581713938048,0
1137,2.485994538944468,0
1138,2.487713123048313,0
1139,2.491745107457864,0
1140,2.496417040914234,0
1141,2.500896792643998,0
1142,2.510599454535322,0
1143,2.51430443351839,0
1144,2.517673796149136,0
1145,2.517743259566874,0
1146,2.520242790688465,0
1147,2.52097022952392,0
1148,2.52177949913298,0
1149,2.523859215182638,0
1150,2.523859215182638,0
1151,2.52723791950371,0
1152,2.527905168408542,0
1153,2.528400234677618,0
1154,2.529945835184489,0
1155,2.530107679198714,0
1156,2.53289685520462,0
1157,2.533951672630079,0
1158,2.535997382554938,0
1159,2.536052092366964,0
1160,2.536929877432691,0
1161,2.537899449101033,0
1162,2.5408796177501,0
1163,2.541706591429336,0
1164,2.541940668612827,0
1165,2.543032472034166,0
1166,2.544165290318628,0
1167,2.54995471867078,0
1168,2.550500817722327,0
1169,2.550500817722327,0
1170,2.556468243588215,0
1171,2.567283164506374,0
1172,2.571684547256708,0
1173,2.574669958800217,0
1174,2.576805052647072,0
1175,2.577742497911174,0
1176,2.58777599321262,0
1177,2.587846999389758,0
1178,2.58806337752964,0
1179,2.588974793449422,0
1180,2.589307411453366,0
1181,2.589325649096794,0
1182,2.590995574818298,0
1183,2.59762154075092,0
1184,2.598187382034739,0
1185,2.60219107516163,0
1186,2.602804915215378,0
1187,2.604735988594614,0
1188,2.605817563437519,0
1189,2.605931526067286,0
1190,2.613745657640296,0
1191,2.620437521292208,0
1192,2.63029521438398,0
1193,2.640174645045338,0
1194,2.644074355290835,0
1195,2.646702332651466,0
1196,2.649479738225791,0
1197,2.650924066105827,0
1198,2.653359494587914,0
1199,2.661454501620637,0
1200,2.666655526128556,0
1201,2.675723098712839,0
1202,2.680019654811607,0
1203,2.683039058883648,0
1204,2.683679433646128,0
1205,2.68491654430999,0
1206,2.685626651799412,0
1207,2.691958760920091,0
1208,2.697915586191954,0
1209,2.700687081349117,0
1210,2.703407136688296,0
1211,2.703407136688296,0
1212,2.70531781077233,0
1213,2.716611202483176,0
1214,2.723666559595536,0
1215,2.723921883634504,0
1216,2.725648356596521,0
1217,2.743904858303724,0
1218,2.745980824115088,0
1219,2.7459919011579,0
1220,2.752378366819158,0
1221,2.752534913737833,0
1222,2.757773184365292,0
1223,2.778832473109604,0
1224,2.779430370481304,0
1225,2.780645789021254,0
1226,2.784884237760373,0
1227,2.787664442155761,0
1228,2.788485787519994,0
1229,2.789593819621619,0
1230,2.804412442305484,0
1231,2.80576751482335,0
1232,2.814979579632052,0
1233,2.819350753101452,0
1234,2.819350753101452,0
1235,2.823141110464283,0
1236,2.823742349354863,0
1237,2.8301199583022,0
1238,2.842541270610546,0
1239,2.843266682846213,0
1240,2.852981014755038,0
1241,2.855135221287986,0
1242,2.855932154319162,0
1243,2.856638469861575,0
1244,2.862521167621343,0
1245,2.862521167621343,0
1246,2.862521167621343,0
1247,2.863112103766896,0
1248,2.86376918898065,0
1249,2.8789075083699,0
1250,2.887940630563649,0
1251,2.89571859014284,0
1252,2.898650147450696,0
1253,2.90073598913549,0
1254,2.90073598913549,0
1255,2.902832815597926,0
1256,2.917157718516533,0
1257,2.923975246465083,0
1258,2.932677535078632,0
1259,2.933549358746418,0
1260,2.94263976302098,0
1261,2.959998218232597,0
1262,2.961531900936721,0
1263,2.978538333099344,0
1264,2.980669749993637,0
1265,2.980940542997342,0
1266,3.011585240331282,0
1267,3.01395865074164,0
1268,3.0156363128758,0
1269,3.033642576082472,0
1270,3.04035707263918,0
1271,3.041639759838996,0
1272,3.041639759838996,0
1273,3.043393075605504,0
1274,3.046348865010024,0
1275,3.049854535574736,0
1276,3.055543129066837,0
1277,3.075066786296612,0
1278,3.07727550112653,0
1279,3.08178179458376,0
1280,3.090088202302952,0
1281,3.101707173519136,0
1282,3.104607411265018,0
1283,3.109707830151162,0
1284,3.11120974734876,0
1285,3.113155931396608,0
1286,3.124784191144632,0
1287,3.12850731442975,0
1288,3.13066448036513,0
1289,3.134517200831606,0
1290,3.135592228735111,0
1291,3.152223648685258,0
1292,3.159548624610954,0
1293,3.165973360324156,0
1294,3.179188646347981,0
1295,3.21347296758737,0
1296,3.221107311273008,0
1297,3.232517301092918,0
1298,3.236346508261174,0
1299,3.241674839521234,0
1300,3.257348463663894,0
1301,3.272898059069674,0
1302,3.274999067300012,0
1303,3.274999067300012,0
1304,3.275335397097682,0
1305,3.275795062837938,0
1306,3.279269384743958,0
1307,3.285684570409316,0
1308,3.295096746488788,0
1309,3.295096746488788,0
1310,3.295096746488788,0
1311,3.295096746488788,0
1312,3.295096746488788,0
1313,3.295096746488788,0
1314,3.295096746488788,0
1315,3.298848183894351,0
1316,3.298848183894351,0
1317,3.305209846856582,0
1318,3.313140537420236,0
1319,3.314585329597487,0
1320,3.317728009480072,0
1321,3.330357410313418,0
1322,3.39298357950122,0
1323,3.404085215015573,0
1324,3.4178353472303,0
1325,3.422161461318386,0
1326,3.42835943462631,0
1327,3.450072619301524,0
1328,3.475162330788634,0
1329,3.475162330788634,0
1330,3.475162330788634,0
1331,3.482953572951814,0
1332,3.51881412471616,0
1333,3.532498611632106,0
1334,3.561442964581709,0
1335,3.568910479374189,0
1336,3.610146387900426,0
1337,3.630417520009824,0
1338,3.714169774974261,0
1339,3.848274455914572,0
1340,3.907606574755098,0
1341,3.910399020801678,0
1342,3.959685342774189,0
1343,3.98303316531478,0
1344,3.989198075667232,0
1345,4.001925037260824,0
1346,4.193886772422398,0
1347,4.340681146880154,0
1348,4.34984869853619,0
1349,4.36307869287524,0
1350,4.364870105750934,0
1351,4.391850253303514,0
1352,4.400517953403412,0
1353,4.471610192262129,0
1354,4.685641769928158,0
1355,4.766814089171644,0
1356,5.205885721207088,0
1357,5.399087424637798,0
1358,5.519644637331874,0
1359,5.941721894509309,0
